Artist;Gender;Museums
Allonge;0;0
Ferrari;0;0
LeFauconnier;0;0
PelicierG;0;0
Pomma;0;0
Raymondi;0;0
WoizyC;0;0
АбрамовАИ;0;0
АбриЛ;0;0
АвеншепсГ;0;0
АветисьянГА;0;0
АвиловМИ;0;0
АгафоновЕА;0;0
АдамсонАИ;0;0
АдтКФ;0;0
АйвазовскийИК;0;38
АкимоваЮВ;1;0
АкишинПИ;0;0
АккерЭ;0;0
АксенюкПД;0;0
АладжаловМХ;0;0
АлександроваЕВ;1;0
АлександровНН;0;0
АлександровскийСФ;0;0
Александров-ТитовскойНА;0;0
АлексеевАА;0;0
АлексеевВВ;0;0
АлексеевВМ;0;0
АлексеевГД;0;0
АлексеевНВ;0;0
Алексомати;0;0
АлексоматиНХ;0;0
АлферьеваСВ;1;0
АльбрехтЛГ;0;0
Альквист;0;0
Альстедт;0;0
АльтаманН;0;0
АльтенбергИГ;0;0
АльхимовичК;0;0
Аман-Жан;0;0
АммонВ;0;0
АммосовСН;0;0
АмосоваОФ;1;0
АндерсонЕК;0;0
АндреевВИ;0;0
АнзимироваНВ;1;0
АнисимовВК;0;0
АнисимовЮП;0;0
АнисфельдБИ;0;0
АничковАИ;0;0
Анкетэн;0;0
АнтокольскийММ;0;0
АнтоновАИ;0;0
Антропова;1;0
АнтроповИГ;0;0
АпостолиВА;0;0
АракелянС;0;0
АраповАА;0;0
АронсонНН;0;0
АрхиповАЕ;0;3
АрхиповСН;0;0
АрчиониГ;0;0
АскназийИЛ;0;0
АстафьеваВЛ;1;0
АтрыганьевН;0;0
АтрыганьевНА;0;0
АуэрГД;0;0
АфанасьевАФ;0;0
АфанасьевВЯ;0;0
Афанасьев-Кокель;0;0
АхенбахГ;0;0
АхочинскаяЗП;1;0
БабутММ;0;0
Багратион-МухранскаяВН;1;0
БадовскийАФ;0;0
БаженовНВ;0;0
БажинНН;0;0
БакаловичСВ;0;4
БаклундЭО;0;0
БакмансонГК;0;0
БакстЛС;0;5
БакшеевВН;0;1
БалашевПИ;0;0
БалкСМ;0;0
БаллодПП;0;0
БалльерАИ;0;0
БалунинМА;0;0
Бальц;0;0
БарамзинЕВ;0;0
БарстельсГ;0;0
БартВС;0;0
БаруздинаВМ;1;0
БарынинАА;0;0
БасинПВ;0;0
Бастер;0;0
БатуринВП;0;0
БауманАГ;0;0
БауманАЕ;0;0
БауманАН;0;0
БахНИ;0;0
БахРР;0;0
БахтеевВ;0;0
БахтинКН;0;0
БашинджагианГЗ;0;0
Беггрова-ГартманОФ;1;0
БеггровАК;0;0
БегерЛМ;0;0
БегичевАР;0;0
БедросовКП;0;0
БезверховНП;0;0
БезродныйМЕ;0;0
БезродныйМС;0;0
БезродныйПВ;0;0
БейгульАН;0;0
БеккерА;0;0
БеклемишевВА;0;0
БёклинА;0;0
БекряшевНГ;0;0
БелкинВ;0;0
Белоусов;0;0
БелыйАФ;0;0
БельзенЯЯ;0;0
БелявскийМК;0;0
БеляевА;0;0
БеляковЕЕ;0;0
БемЕМ;0;0
БенарА;0;0
БенигКБ;0;0
БенкендорфДА;0;0
БенуаАА;0;0
БенуаАлекс Н;0;0
БенуаАльб Н;0;0
БергВВ;0;0
БерггольцРА;0;0
БеридтсонГФ;0;0
БерингерВВ;0;0
БеркосМА;0;0
БерндтсонГФ;0;0
БернштамЛА;0;0
БероянАК;0;0
БерсонА;0;0
БершадскийЮР;0;0
Биленкий;0;0
БилибинИИ;0;0
БильдерлингАА;0;0
БиркингерФ;0;0
БирнбаумСР;0;0
БлаговещенскийНД;0;0
БландоваМН;1;0
БланшЖ;0;0
БлахеХр;0;0
БлентА;0;0
БлиновЛД;0;0
БломстедтВ;0;0
БлощинскаяОП;1;0
БлуменфельдАФ;0;0
БлюмВИ;0;0
БлюментальЮЮ;0;0
БлюменфельдГМ;0;0
Бобрищева-Пушкина;1;0
БобровАА;0;0
БобровАВ;0;0
БобровВА;0;0
БобровВН;0;0
БобровскийГМ;0;0
БобровСП;0;0
БогаевскийКФ;0;1
БогатовНА;0;0
БогатыревВС;0;0
БогатыревИС;0;0
Богданов-БельскийНП;0;1
БогдановичФО;0;0
БогдановНП;0;0
БогданПГ;0;0
БодаревскийНК;0;0
БоголюбовАП;0;17
БоголюбовБМ;0;0
БогомазовТН;0;0
БодемюллерФ;0;0
Бодуэн-де-Куртенэ;0;0
Боженко;0;0
БожеряновА;0;0
БолдыревИЕ;0;0
БолотновВД;0;0
БольдиниД;0;0
Бонч-ОсмоловскаяОГ;1;0
Бонч-ТомашевскийЮО;0;0
БоревскийН;0;0
БоринВМ;0;0
БорисовАА;0;0
БорисовИФ;0;0
Борисов-МусатовВЭ;0;15
БормоткинВМ;0;0
БородаевскийСО;0;0
БортникерДМ;0;0
БоруздинаВМ;1;0
БоскинМВ;1;0
БоссиЭ;0;0
БоткинаМС;1;0
БоткинМП;0;0
БоткинНИ;0;0
БочаровМИ;0;1
БрагаГ;0;0
БрагаЭ;0;0
БразельЮН;0;0
БразОЭ;0;1
БраиловскаяРН;1;0
БраиловскийЛМ;0;0
БракГ;0;0
БрандтИ;0;0
БраунЭГ;0;0
Бредт;0;0
Брендель;0;0
БржозовскийФФ;0;0
БроварьЯИ;0;0
БродскийИИ;0;0
БромбергФГ;0;0
БронниковФА;0;3
БронниковНК;0;0
БроновицкийГФ;0;0
БруниНА;0;0
БруниФА;0;0
БрускетиАЯ;0;0
БрухардтФК;0;0
БрэнгвинЖ;0;0
БрюлловПА;0;0
БрянскийМВ;0;0
БубликовНЕ;0;0
Будкевич;0;0
Будковская-КибальчичНТ;1;0
БудковскийГЯ;0;0
БузалевскийБМ;0;0
БуйндМА;0;0
БуйницкийРИ;0;0
БуковецкийЕИ;0;0
БукФП;0;0
БулацельРС;0;0
Бульмеринг-КороленкоЕП;0;0
БунинНН;0;0
БургардтЛО;0;0
Бургарт;0;0
БуринскаяНФ;1;0
БурлюкВД;0;0
БурлюкДД;0;1
БуровФЕ;0;0
БурхардтФК;0;0
БутлярСА;0;0
Бутэ-де-Монвель;0;0
БухгольцФФ;0;0
БухерАИ;0;0
БухПН;0;0
БыкадоровНЯ;0;0
БыковскийНМ;0;0
БылевскийФС;0;0
БыляшкинВВ;0;0
БыстренинВИ;0;0
БычковВП;0;0
Бюлов;0;0
Бяльницкий-БируляВК;0;0
ВаальАЭ;0;0
ВагнерПН;0;0
ВаленковаСН;1;0
ВалькевичМИ;0;0
ВальтерИФ;0;0
ВанДонген;0;0
ВарыпаеваНА;0;0
ВасильевАА;0;0
ВасильевВН;0;0
ВасильевЛО;0;0
ВасильевМА;0;0
ВасильевФА;0;0
ВасильковскийСИ;0;0
ВаскиевскаяЕ;1;0
ВаснецовАМ;0;5
ВаснецовВМ;0;38
ВасютинскийАА;0;0
Ваулин;0;0
ВахрамеевАИ;0;0
ВахрушовФМ;0;0
ВахтерЕА;0;0
ВащенкоЕП;0;0
ВеберЯЯ;0;0
Вейсенгоф;0;0
ВейценбергАИ;0;0
ВекшинскийАН;0;0
ВелигоноваЗВ;1;0
ВеликановВИ;0;0
ВельонскийПА;0;0
ВельцИА;0;0
ВенигКБ;0;1
ВенигПК;0;0
ВеревкинаМ;1;0
ВеревкинФИ;0;0
ВерейскийГС;0;0
ВерещагинВВ;0;50
ВерещагинВП;0;2
ВерещагинПИ;0;0
ВерещагинПП;0;0
ВернерАВ;0;0
Версилова-НерчинскаяМН;1;0
Вертс;0;0
ВерховскаяЛН;1;0
ВерховскийГЕ;0;0
ВершининИЕ;0;0
ВеселовПЛ;0;0
ВеселовскийЛР;0;0
ВестфаленАХ;0;0
ВещиловКА;0;0
ВжещьЕК;0;0
ВизельЭО;0;0
ВиллевальдеАБ;0;0
ВиллевальдеБП;0;0
Виллегас;0;0
ВиллиамЕН;0;0
ВиллиеМЯ;0;0
ВильдеРФ;0;0
Вилье;0;0
ВинклерКА;0;0
ВиноградоваОА;1;0
ВиноградовСА;0;1
ВинцманИК;0;0
ВинцманОИ;0;0
ВисковатоваЕИ;1;0
ВисниовскаяЕИ;1;0
ВистингаузенАА;0;0
ВитвицкийИГ;0;0
ВладимировИА;0;0
ВладимирскийБ;0;0
Владимирский-Киевский;0;0
ВласовСА;0;0
ВознесенскаяАВ;1;0
ВоиновРВ;0;0
ВолковВВ;0;0
ВолковГ;0;0
ВолковЕЕ;0;0
ВолочинковАМ;0;0
ВонгльСЭ;0;0
ВороненковВЕ;0;0
ВоронковВЕ;0;0
ВороновПФ;0;0
ВоронцовВВ;0;0
ВоротынскийДА;0;0
ВостингаузенА;0;0
ВрангельЕК;1;0
ВрачевИА;0;0
ВроблевскийКК;0;0
ВронскийСЕ;0;0
ВрубельМА;0;40
ВульфВВ;0;0
ВучичевичВД;0;0
ВывиорскийМИ;0;0
ВыезжевАН;0;0
ВысотскийКС;0;0
ГаберцеттельВ;0;0
ГабовичМГ;0;0
ГаврильцевДМ;0;0
ГагаринНВ;0;0
Гаген-ТорнМЭ;0;0
Гаген-ШварцЮ;0;0
ГадонСС;0;0
ГаевскийВМ;0;0
Галеота;0;0
ГалимскийВМ;0;0
ГалкинИС;0;0
ГалленА;0;0
Галофрэ;0;0
ГамбургерЛА;0;0
ГаммК;0;0
ГанзенАВ;0;0
ГариевичБВ;0;0
ГартманК;0;0
ГаушАФ;0;1
ГаушЛ;0;0
ГвидоН;0;0
Гейерманс;0;0
ГейманС;0;0
ГеллерПИ;0;0
Гельдвейн-Ваулин;0;0
ГеНН;0;28
ГерардовНИ;0;0
ГерасимовАМ;0;3
ГерманГ;0;0
ГермашевММ;0;0
ГерсонВВ;0;0
ГершевскийСИ;0;0
ГефтлерКЭ;0;0
ГигогабаевГИ;0;0
ГинцбургИЯ;0;0
ГинцбургМГ;0;0
ГиньковскийПВ;0;0
ГиппусНН;0;0
ГирвАП;0;0
ГиршльА;0;0
ГлаголеваАС;1;0
ГлобаНВ;0;0
ГлущенкоДИ;0;0
ГляйзесА;0;0
ГодунЕ;0;0
ГолеевскаяПК;1;0
ГолембиовскийКИ;0;0
ГолицынаЕВ;1;0
ГоловинАЯ;0;14
ГоловкинГС;0;0
ГоловковГС;0;0
ГолубкинаАС;1;0
ГолынскийВА;0;0
ГольдблатЯС;0;0
ГольддингерЕВ;0;0
ГольдеЭН;0;0
ГольдингерЕВ;0;0
ГольдманИБ;0;0
Гом-БаргЮЯ;0;0
ГончароваНС;1;8
ГонякИК;0;0
ГоравскийАГ;0;0
ГорбатовКИ;0;0
ГорбуновАК;0;0
ГорбуновКА;0;0
ГороновичВЯ;0;0
ГороховИЛ;0;0
ГорскийКН;0;0
Горюшкин-СкоропудовИС;0;0
ГосЭИ;0;0
ГофманнК;0;0
ГофманОА;0;0
ГоффертАЕ;0;0
ГрабарьИЭ;0;4
ГрабовскийВ;0;0
ГравеВФ;0;0
ГрандковскийНК;0;0
ГригорьевВМ;0;0
ГригорьевПА;0;0
ГриллихесАА;0;0
ГриневАП;0;0
ГриценкоНН;0;0
ГрищенкоАВ;0;0
ГромовАА;0;0
ГросманАГ;0;0
ГрузенбергСН;0;0
ГрузинскийПН;0;0
ГрюнфельдМИ;0;0
ГугунаеваИГ;0;0
ГужавинММ;0;0
ГузарскийВ;0;0
ГузиковСМ;0;0
ГулевичЕА;0;0
ГумаликНИ;0;0
ГунКФ;0;1
ГусеваАА;1;0
ГусеваГ;1;0
ГусиковХК;0;0
Гюбнер-СимонисЭВ;0;0
ГюбнерЭВ;0;0
ГюрджанАМ;0;0
ДабижаАВ;0;0
ДаксергофФП;0;0
ДальГ;0;0
Д'АльгеймММ;0;0
Даньян-Бувере;0;0
ДаугельА;0;0
Дашенко;0;0
ДворниковТЯ;0;0
Де-Вит-МанизерСС;0;0
ДевяткинСЕ;0;0
ДевятовЯМ;0;0
ДегазШ;0;0
ДеевСС;0;0
Делла-ВосОЛ;1;0
ДенисовАК;0;0
Денисов-УральскийАК;0;0
ДеранА;0;0
ДержавинНМ;0;0
ДерюжинскийГВ;0;0
ДетерсЭВ;0;0
ДешинД;0;0
ДженеевИА;0;0
ДжилардиП;0;0
ДжогинПП;0;1
ДжонстонГ;0;0
ДиллонМЛ;0;0
ДилльЛ;0;0
ДитрихЛА;0;0
ДмитриевВА;0;0
ДмитриевИЯ;0;0
Дмитриев-КавказскийЛЕ;0;0
Дмитриев-КавказскийН;0;0
ДмитриевЛЕ;0;0
Дмитриев-ОренбургскийНД;0;0
ДмитриевС;0;0
Дмитриев-ЧелябинскийИЯ;0;0
ДобрижинскийВА;0;0
ДобровольскийВГ;0;0
ДобровольскийНФ;0;0
ДобужинскийМВ;0;0
ДолговАА;0;0
ДолговИВ;0;0
ДолинВК;0;0
ДомарадзкийСЭ;0;0
ДоскинНВ;0;0
ДржевецкаяЛ;1;0
ДриттенпрейсВП;0;0
ДроздовИГ;0;0
ДрюльВ;0;0
ДубовскийНН;0;0
ДубровскийАС;0;0
ДудинИО;0;0
ДуковичСА;0;0
ДукшинскаяЭГ;1;0
ДурдинБН;0;0
ДурновМА;0;0
ДыдышкоКВ;0;0
Дьякова-АлексееваМН;1;0
ДьяковаМН;0;0
Дьяконов-МичанскийДВ;0;0
ДюккерЕЭ;0;0
ЕвреиновВВ;0;0
ЕвсеевКИ;0;0
ЕгорновАС;0;0
ЕгорновСС;0;1
ЕгоровАА;0;0
ЕгоровЕВ;0;0
ЕгоровЛЕ;0;0
ЕгоровСЗ;0;0
ЕдельфельдА;0;0
ЕндогуровНИ;0;0
ЕрмиловИ;0;0
ЕрмолаевБН;0;0
ЕрнефельтЕ;0;0
ЕсиповДА;0;0
ЕфимовИЕ;0;0
ЕфимовМЯ;0;0
ЕфимовНН;0;0
ЖабаАК;0;0
ЖабаНК;1;0
ЖаравоваАА;1;0
Жевакина-НикольскаяМС;1;0
Жеврежеев;0;0
ЖелтовскийИВ;0;0
ЖижиленкоАИ;0;0
ЖижиленкоГА;0;0
ЖилардиРС;0;0
ЖилинПФ;0;0
ЖильцовИО;0;0
ЖолтовскийИВ;0;0
ЖувенауИ;0;0
ЖудинаОД;1;0
ЖудинДА;0;0
ЖуковаЛА;0;0
ЖуковИС;0;0
ЖуковскаяМБ;1;0
ЖуковскийСЮ;0;5
ЖупахинСГ;0;0
ЖуравлевФС;0;0
ЗабеллоПП;0;0
ЗабоклицкийВЛ;0;0
ЗаболотскийПП;0;0
ЗаборовскийСА;0;0
ЗавойкоСВ;0;0
ЗагорскийНП;0;0
ЗайднерЕ;0;0
Зайднер-СаддЕ;0;0
ЗайцевК;0;0
ЗайцевММ;0;0
ЗайцевНС;0;0
ЗалеманГР;0;0
ЗалесскийСИ;0;0
ЗальВК;0;0
ЗальцманГ;0;0
ЗамирайлоВД;0;0
Зандер-РандаловаЭЯ;0;0
ЗандинМП;0;0
ЗанковскийИН;0;0
Запольский-ДовнарРВ;0;0
ЗапорожцевВ;0;0
ЗарецкийАА;0;0
ЗарецкийНВ;0;0
ЗарубинВИ;0;0
ЗарыцкийНВ;0;0
ЗарянкоСК;0;0
ЗахаровА;0;0
ЗахаровИИ;0;0
ЗахаровФИ;0;0
ЗахгеймМО;0;0
ЗверевВА;0;0
ЗданевичКМ;0;0
ЗедделерНН;0;0
ЗейденбергСМ;0;0
ЗеленскийММ;0;0
ЗельмановаАМ;0;0
ЗенковСН;0;0
ЗенченкоВМ;0;0
ЗеньковичНВ;0;0
ЗиминГД;0;0
ЗиминКН;0;0
ЗиновьевА;0;0
ЗиновьевПГ;0;0
Зихель;0;0
ЗлатовратскийАН;0;0
ЗоммерКА;0;0
ЗоммерРК;0;0
ЗоринФТ;0;0
ЗубчаниновНА;0;0
ЗулмарЛН;0;0
ИваницкаяЕЕ;0;0
ИванкинГВ;0;0
ИвановАА;0;0
ИвановАЕ;0;0
ИвановаКВ;1;0
ИвановБМ;0;0
ИвановДГ;0;0
Иванов-ЛозовскийГМ;0;0
ИвановМФ;0;0
ИвановНЛ;0;0
ИвановПП;0;0
ИвановСВ;0;3
ИвановСП;0;0
ИвашинцеваМИ;1;0
ИвковскийСК;0;0
ИгнатьевМИ;0;0
Иелита-ВольскийФА;0;0
ИжакевичАА;0;0
ИжакевичИС;0;0
ИжевскаяМП;1;0
ИзмайловичВМ;0;0
ИзоевПФ;0;0
Икар;0;0
ИконниковАД;0;0
ИльинЛН;0;0
ИльинскийВК;0;0
ИмеретинскаяОФ;1;0
ИонинНА;0;0
ИоффеМС;0;0
ИсуповАВ;0;0
ЙенсенДИ;0;0
Кавос-ЗаруднаяЕС;1;0
КавтарадзеАК;0;0
КавтарадзеКЗ;0;0
КагородовАД;0;0
КазаковИС;0;0
КазановскаяМА;1;0
КазановскийВЛ;0;0
КазанцеваЕВ;1;0
КазанцевВП;0;0
КазенЖ;0;0
КайгородовАД;0;0
КакабадзеДН;0;0
КалачевЕА;0;0
КалашниковЕА;0;0
КалмаковНК;0;0
КалмыковГО;0;0
КалмыковИЛ;0;0
Калупов;0;0
КамаровВИ;0;0
КамбаровИА;0;0
КаменевЛЛ;0;5
КаменскийБМ;0;0
КаменскийГП;0;0
КаменскийПП;0;0
КаменскийФМ;0;0
КаменскийФФ;0;0
КаменцеваЕИ;1;0
КандауровАИ;0;0
КандинскийВВ;0;1
КанольдтА;0;0
КанцеровАГ;0;0
КаплунАВ;0;0
КаразинНН;0;0
Каргус-СмоленскийВР;0;0
КардовскийДН;0;0
КаревАЕ;0;0
КарелинАА;0;0
Карем-ВайнштейнЕС;0;0
КаринскаяА;1;0
КарнеевАЕ;0;0
КародоссиВ;0;0
Карпинская-ГерунгЕГ;1;0
Карпова-КоншевскаяЕГ;1;0
КарриерГ;0;0
КарцевПС;0;0
КасаткинНА;0;0
КасаткинНН;0;0
Кастан;0;0
КасцовКГ;0;0
КатуркинТИ;0;0
КафкаВА;0;0
КашкадамоваЕН;1;0
КелерКИ;0;0
КелинПИ;0;0
КеллерАВ;0;0
КеллерИП;0;0
КельхВФ;0;0
КельхПИ;0;0
КеммингГА;0;0
КерзинМА;0;0
КерковаСЛ;1;0
КибальчичТВ;0;0
КившенкоАД;0;1
КикертК;0;0
КирилловаАМ;1;0
КиринарскийМА;0;0
КирсановКВ;0;0
КирьяцкойЕО;0;0
КиселевАА;0;0
Киселев-КамскийАА;0;0
КиселевС;0;0
КисельБА;0;0
Китаева-ЦыхановскаяАВ;1;0
КитаевВН;0;0
КишневскийСЯ;0;0
КлагесФА;0;0
КлакачеваСЛ;1;0
КлевезальА;0;0
КлеверМ;0;0
КлеверО;0;0
КлеверЮЮ;0;0
Клейнек;0;0
КлементьевАН;0;0
КлеттенбергАП;0;0
КлименкоД;0;0
КлименкоДВ;0;0
КлодтМК;0;2
КлодтМП;0;0
КлодтНА;0;0
КлодтПК;0;0
КлокачеваЕН;1;0
КлоповВА;0;0
КлюкКФ;0;0
КлюшниковСА;0;0
Кнюпфер;0;0
КнязьковаВВ;1;0
КовалевскийПО;0;0
Ковальская-ИльинаПВ;1;0
КозловВВ;0;0
КозловПС;0;0
Козловская;1;0
КозловскаяМА;1;0
КокелинФ;0;0
КолесниковИО;0;0
Колесова-РощинаАИ;1;0
КолпаковскаяВН;1;0
КолупаевДА;0;0
КомароваАТ;1;0
КомаровВП;0;0
КомаровДВ;0;0
КомашкоАМ;0;0
КонашевичВМ;0;0
КондерШ;0;0
КондратенкоГП;0;0
КондратенкоКП;0;0
КондратьевВВ;0;0
КоненковСТ;0;0
КонновАИ;0;0
КоноваловаАС;1;0
КоноваловВВ;0;0
КонстантиноваАО;1;0
КонстантиновНК;0;0
КонстантинопольНК;0;0
КончаловскийПП;0;2
КоптевГН;0;0
КореневВФ;0;0
Коренев-НовороссийскийВФ;0;0
КорженевскийС;0;0
КорзухинАИ;0;3
КоринАМ;0;1
КоринсскаяА;0;0
КорневВФ;0;0
КорнеевФМ;0;0
КорниловНВ;0;0
КоробковСТ;0;0
КоровинКА;0;31
КоровинПИ;0;0
КоровинСА;0;0
КорогодовСМ;0;0
КоролевАП;0;0
КорсаковЮП;0;0
КорсунМП;0;0
КорфВН;0;0
КосмаковИА;0;0
КоссакВ;0;0
КостандиКК;0;0
КостенкоКЕ;0;0
КостенкоСП;0;0
КострицЛМ;0;0
КотарбинскийВА;0;0
КотляревскийАМ;0;0
КотовГИ;0;0
КохПП;0;0
КоцебуАЕ;0;0
КочетоваОА;1;0
КошелевНА;0;1
КравченкоАИ;0;0
КравченкоНИ;0;0
КрамскаяСИ;1;1
КрамскойИН;0;38
КрандиевскаяНВ;1;0
КрапоткинаМН;1;0
КрарупТФ;0;0
КрасиковВА;0;0
КрасковскийИЕ;0;0
КраснухаСП;0;0
КраснушкинаЕЗ;1;0
КрасовскийНП;0;0
КрачковскийИЕ;0;0
КрейтанВП;0;0
КремерБД;0;0
КремерБС;0;0
Крепер;0;0
КрествоскийИВ;0;0
КрестианполПИ;0;0
КречининСИ;0;0
КржешИИ;0;0
КржыжановскийКМ;0;0
КривошеинСВ;0;0
Крошечкин-КрошицкийМП;0;0
КругликоваЕС;1;0
КрчинскийСС;0;0
КрыжицкийКЯ;0;1
Крылов;0;0
КрыловИИ;0;0
КрымовНП;0;5
КрюковВС;0;0
КсеньеваЛ;1;0
КсидиасПС;0;0
КубинО;0;0
КубицкийВН;0;0
КувакинК;0;0
КувшинниковаСП;1;0
КудрявцеваВА;1;0
КудрявцевАИ;0;0
КудрявцевСИ;0;0
КузнецовВВ;0;0
КузнецовКП;0;0
КузнецовНД;0;3
КузнецовП;0;0
КузьминаНА;1;0
КуинджиАИ;0;21
КулагинаСО;1;0
КулешаМК;0;0
КуликовИС;0;0
КуммингАА;0;0
КуммингГА;0;0
КупринАВ;0;0
КурбатовМА;0;0
КуреннойАА;0;0
КуриарПП;1;0
КуриарьПП;0;0
КуринАВ;0;0
КурпатовАВ;0;0
КусковАА;0;0
КустодиевБМ;0;14
КустодиевКБ;0;0
КучинскийСИ;0;0
КучумовВН;0;0
Кюгельген;0;0
КюгельхенСК;0;0
КюнАМ;0;0
КюфферлеПО;0;0
ЛаверецкийНА;0;0
ЛагардП;0;0
Лагода-ШишкинаОА;1;0
ЛагориоЛФ;0;5
ЛадыженскийГА;0;0
ЛажечниковАИ;0;0
Лазарев-СтанищевСН;0;0
ЛаманскаяАК;1;0
ЛансгофЛЭ;0;0
ЛансереЕА;0;0
ЛансереЕЕ;0;1
ЛансереНЕ;0;0
ЛанскойИИ;0;0
ЛапускинИВ;0;0
Лапчинский;0;0
Лапшина-СоколоваВН;1;0
ЛапшинГА;0;0
ЛарионовМФ;0;3
Лассон-СпироваЭА;0;0
ЛатриМП;0;0
ЛатушГ;0;0
ЛатышеваА;1;0
ЛаудонЕО;0;0
ЛаховскийАБ;0;0
ЛебедевАИ;0;0
ЛебедевВВ;0;5
ЛебедевКВ;0;1
ЛебедевНМ;0;0
ЛебланМВ;0;0
ЛевандовскийВН;0;0
ЛевиМБ;0;0
ЛевинКП;0;0
ЛевитанИИ;0;48
ЛевитскийВН;0;0
ЛевицкийРС;0;0
ЛевкиевскийВВ;0;0
ЛевотГА;0;0
ЛевченкоИИ;0;0
ЛевченкоПА;0;0
Ле-ДантюМВ;0;0
Леднев-ЩукинСЕ;0;0
ЛеманЮЯ;0;0
ЛемохКВ;0;0
ЛенбахФ;0;0
ЛенскийЗА;0;0
ЛентуловАВ;0;1
ЛеонгардтФ;0;0
ЛеонсМН;0;0
ЛепетичНН;0;0
ЛермиттЛ;0;0
ЛермонтоваНВ;1;0
ЛесючевскийВИ;0;0
ЛехтФ;0;0
ЛиберихНИ;0;0
ЛиберманнМ;0;0
ЛибшерК;0;0
ЛизакИЛ;0;0
ЛиндеманАЭ;0;0
Липа;0;0
ЛипгартЭК;0;1
ЛисенерЕА;0;0
ЛисицинБМ;0;0
ЛисснерЭЭ;0;0
ЛитвиненкоАМ;0;0
ЛитвиновИИ;0;0
ЛитовченкоНД;0;0
Лихачева;1;0
ЛихачевКА;0;0
ЛищевВВ;0;0
Лобанов;0;0
ЛобужинскийМВ;0;0
ЛоккенбергВА;0;0
ЛоренцНЕ;0;0
ЛоренцНФ;0;0
ЛосеваВИ;1;0
ЛосевНД;0;0
Луговская-ДягилеваТА;1;0
ЛузановСЭ;0;0
ЛукичЖА;0;0
ЛукомскийГК;0;0
Лукш-МаковскаяЕ;0;0
ЛупановАР;0;0
ЛучшевСЯ;0;0
ЛыпиловКМ;0;0
ЛысенкоАВ;0;0
ЛысенкоКА;0;0
ЛысовЯИ;0;0
ЛьвовИА;0;0
ЛьвовПИ;0;0
ЛюбавинаН;1;0
ЛякинТП;0;0
ЛяликоваЕИ;1;0
ЛясковскаяОА;1;0
МагдесианЭЯ;0;0
МадейскийАБ;0;0
МазуровскийВВ;0;0
МайейргаймП;0;0
МайковНА;0;0
МаймонМЛ;0;0
МакаревскийАД;0;0
МакароваНД;1;0
МакаровИК;0;0
Мак-НейлУД;0;0
МакоАЭ;0;0
МаковскаяАЕ;1;0
МаковскийАВ;0;1
МаковскийВЕ;0;14
МаковскийКГ;0;0
МаковскийКЕ;0;15
МаковскийНЕ;0;0
Маковский-ПогорельскийЯК;0;0
МаксГ;0;0
МаксимовАО;0;0
МаксимовВМ;0;5
МаксимовМВ;0;0
МалаховскаяМА;1;0
Малеваная-ЗарыцкаяИА;1;0
МалевичКС;0;12
МалешевскаяЕМ;1;0
МалининИС;0;0
МалышевВК;0;0
МалышевЕИ;0;0
МалышевМГ;0;0
МалышевМЕ;0;0
МалышевНТ;0;0
МалютинСВ;0;0
МалявинФА;0;10
МамонтовМА;0;1
МамонтовСС;0;0
МанасеинаТВ;1;0
МанганариАВ;0;0
МанизерГМ;0;0
МаныламММ;0;0
МардеросовЛИ;0;0
МаринаЗВ;1;0
МаркеловСП;0;0
МаркичевМА;0;0
МарковАА;0;0
МарковБН;0;0
МартынА;0;0
МартыновА;0;0
МартыноваЕН;1;0
МартыновДН;0;0
МартыновичАС;0;0
МаслениковНЕ;0;0
МасютинВН;0;0
МатвеевАТ;0;0
МатвеевМА;0;0
МатвеевНС;0;0
МатвеевСА;0;0
МатвейВИ;0;0
МатэВВ;0;0
МатюшинМВ;0;0
МаурицдеВламик;0;0
МацкевичИИ;0;0
МашарГ;0;0
Машинский;0;0
МашковВН;0;0
МашковИ;0;0
МаяковскийВВ;0;0
МедемПР;0;0
Мейердал;0;0
МейзейМО;0;0
МейзеМО;0;0
МейстерЛ;0;0
МенарР;0;0
МенделевичИА;0;0
МензгаузенЕФ;0;0
МенкВК;0;0
МенсгаузенЕФ;0;0
Мери;1;0
МертенЕП;0;0
МесниковКИ;0;0
МетловаАА;0;0
МещеринНВ;0;0
МещерскийАИ;0;0
МизернюкМЯ;0;0
МикешинаТЛ;1;0
МикешинСМ;0;0
МикулиА;0;0
МилевскийИР;0;0
МилиотиНД;0;3
МиллерЕВ;0;0
МиллерЭА;0;0
МилорадовичСД;0;0
МилославинФА;0;0
МильманА;0;0
МилютиНД;0;0
Минасианц;0;0
МинченковЯД;0;0
МироновичПН;0;0
МиссАВ;0;0
МитрохинДИ;0;0
МитяевПН;0;0
МихайловаКИ;1;0
МихайловаОП;0;0
МихайловИИ;0;0
МихайловИТ;0;0
МихайловММ;0;0
МихайловПН;0;0
МихайловскаяНВ;1;0
МихайловскийАН;0;0
МихальцеваЕП;1;0
МихеевМИ;0;0
МишеваЕИ;1;0
МогилевскийАП;0;0
МодоровФА;0;0
МокиевскаяМИ;1;0
МоласНП;0;0
МоллерФА;0;0
МоллотТА;0;0
МоловМВ;0;0
МоловМЦ;0;0
МолявкинИВ;0;0
МоравовАВ;0;0
МоргуновАА;0;0
МордасевичКЛ;0;0
МордовинВИ;0;0
МоревНН;0;0
МорицФЭ;0;0
МоровавовАВ;0;0
МороГ;0;0
МорозовАИ;0;2
МороЛА;0;0
МоскаленкоАН;0;0
МоскаленкоПД;0;0
МостоваЗЯ;1;0
Мошков;0;0
МудролюбовПВ;0;0
МузалевскийБМ;0;0
Мультановский;0;0
МультановскийЮТ;0;0
МунтергельмМ;0;0
МуравьевВЛ;0;0
МуратовАД;0;0
МуратовБерндтеон;0;0
МуратовМД;0;0
МурашкоАА;0;0
МуромцевФА;0;0
Мусин-ПушкинНС;0;0
МусселиусМВ;0;0
МууккаЭ;0;0
МышковВН;0;0
Мюнтер;0;0
МясоедовГГ;0;2
НавозовВП;0;0
НагубниковСА;0;0
НаикольскийНН;0;0
НайдеровИВ;0;0
НаленчВИ;0;0
Налепинская;1;0
НапиерскаяБВ;1;0
НарбутГИ;0;0
НаседкинСН;0;0
НатальинаОН;1;0
НаумовАА;0;0
НаумовПС;0;1
НащекинД;0;0
НеведовичЕЮ;0;0
НеведомыйИ;0;0
НевинскийАИ;0;0
НевревНВ;0;4
НевядомскийА;0;0
НедлерСГ;0;0
НедовичЕЮ;0;0
НедокучаеваОН;1;0
НекулинАО;0;0
НеленчВИ;0;0
НерадовскийПИ;0;0
НестеровГД;0;0
НестеровМВ;0;28
НестеровФП;0;0
НефТА;0;0
НечаевАМ;0;0
НечаевМА;0;0
НечитайловВН;0;0
НиканоровСГ;0;0
НикитинВА;0;0
НикитинВП;0;0
НикитинНН;0;0
НикитинСА;0;0
НикифоровСГ;0;0
НиколаевНН;0;0
НикольскийНС;0;0
НиконовИФ;0;0
НикулинАО;0;0
НилендерКГ;0;0
НилусПА;0;0
НифтрикГЯ;0;0
НоаковскийСВ;0;0
НовиковАГ;0;0
НовиковаЕН;1;0
НовиковМН;0;0
Новинский;0;0
НоводворскаяВД;0;0
НовоселовВТ;0;0
НовоскольцевАН;0;0
НозиковаЕН;1;0
Ностиц-ЯцковскаяМФ;1;0
Нысцушко-БуйницкийРИ;0;0
НюнинИЕ;0;0
ОберАЛ;0;0
ОвсянниковВП;0;0
ОвсянниковЛФ;0;0
ОвсянниковСО;0;0
ОвчинниковНХ;0;0
ОколовичНА;0;0
О'КоннелРР;0;0
ОкроянцДГ;0;0
ОленинаВА;1;0
ОлсуфьеваСВ;0;0
ОльгинаО;1;0
ОлькойнЭА;0;0
ОнуфриеваНВ;0;0
ОреховВП;0;0
ОрловАГ;0;0
ОрловНВ;0;0
ОрловскийВД;0;0
ОсоргинаАК;1;0
ОстроменцкийАА;0;0
Остроумова-ЛебедеваАП;1;0
ОстроуховИС;0;4
ОтмарВО;0;0
ПавлиновАС;0;0
ПавлиновПЯ;0;0
ПавловВП;0;0
ПавловАИ;0;0
ПавловИН;0;0
ПавловПН;0;0
ПавловСА;0;0
ПавлюченкоГЕ;0;0
ПадуровАА;0;0
Пазетти;0;0
ПалаткоДМ;0;0
ПаленМИ;1;0
ПаленНК;0;0
ПалинМИ;0;0
Палшков;0;0
ПальгуновА;0;0
ПанеНН;0;0
ПанеНП;0;0
ПанинМН;0;0
ПанкульИП;0;0
ПановНЗ;0;0
Паприц;0;0
ПарландАА;0;0
ПассИА;0;0
ПастернакЛО;0;0
ПаульсонАВ;0;0
ПашкевичЖА;0;0
ПашковГФ;0;0
ПащенкоВМ;0;0
ПедашенкоМИ;0;0
ПелевинИА;0;0
ПемеллерАА;0;0
ПеньковскийИЛ;0;0
ПервухинКК;0;0
ПереплетчиковВВ;0;0
ПерминовВТ;0;0
ПеровВГ;0;50
ПершинАС;0;0
ПестинскийБ;0;0
ПетерсАФ;0;0
ПетренкоАГ;0;0
ПетрижицкаяМК;1;0
Петров-ВодкинКС;0;13
ПетровичевПИ;0;1
ПетровНФ;0;0
ПетровСИ;0;0
ПетровскийИВ;0;0
ПечатинВА;0;0
ПименовНС;0;0
ПимоненкоНК;0;0
ПиотровичСК;0;0
ПироговНВ;0;0
ПиросманашвилиН;0;0
ПисаховСГ;0;0
ПисемскийАА;0;0
ПищалкинАА;0;0
ПищалкинЛФ;0;0
ПлатоновХП;0;0
ПлатуновМ;0;0
ПлачекМН;0;0
ПлевакоНА;0;0
ПлетневЛА;0;0
ПлешаковВС;0;0
ПлешановПФ;0;0
ПлещинскийИН;0;0
ПлигинАП;0;0
ПлискоАЯ;0;0
ПлотниковВА;0;0
ПогосскаяСА;1;0
ПодвысоцкийМВ;0;0
ПодозеровИИ;0;0
ПодосеновПВ;0;0
ПодтыканыйА;0;0
ПодушкоЭГ;0;0
ПожалостинИП;0;0
ПожарскийВИ;0;0
ПожарскийСМ;0;0
ПозенМВ;0;0
ПокаржевскийПД;0;0
ПоленоваЕД;1;0
ПоленовВД;0;60
ПоловинкинВП;0;0
ПолонскаяЖА;0;0
ПолунинВЯ;0;0
ПольРобер;0;0
ПоляковЕИ;0;0
ПоляковИИ;0;0
ПоляковНП;0;0
ПоляковПИ;0;0
ПомеранцевММ;0;0
ПоперечныйНМ;0;0
ПопковИГ;0;0
ПоповАА;0;0
ПоповаЛС;1;2
ПоповАН;0;0
Попова-ТимореваЮА;1;0
ПоповВН;0;0
ПоповЛВ;0;0
ПоповМП;0;0
ПоповНЯ;0;0
Порай-КошицБВ;0;0
ПороховниковПИ;0;0
ПорфировИФ;0;0
ПосполитакиЕИ;0;0
ПостниковСП;0;0
ПостниковСП;0;0
ПотаповМА;0;0
ПотаповМА;0;0
ПотипакаП;0;0
ПраведниковЕИ;0;0
ПрадоА;0;0
ПраховаАЯ;1;0
ПремацциЛО;0;0
ПриселковСВ;0;0
ПрозоркевичВМ;0;0
ПрокофьевАМ;0;0
ПрокофьевДД;0;0
ПроскурнинИМ;0;0
Протейкинский;0;0
ПротопоповНА;0;0
ПрянишниковИП;0;0
ПрянишниковИМ;0;4
ПсковитиновЕК;0;0
ПузыревскийПИ;0;0
ПуниИ;0;0
ПурвитВЕ;0;0
ПуцБА;0;0
ПчелинВН;0;0
ПыневК;0;0
ПыринМС;0;0
ПэнЮМ;0;0
Пювис-де-Шаванн;0;0
ПясковскийВН;0;0
ПястушкевичКО;0;0
РабиновичГИ;0;0
РадимовПА;0;0
РадинВН;0;0
Радлов;0;0
РаевскийАД;0;0
РаевЮА;0;0
РазмарицинАП;0;0
РазниченкоФП;0;0
Разумный;0;0
РазумовскаяАИ;1;0
РазчубкинАН;0;0
РайлянФР;0;0
РайноваСК;1;0
РассадинАА;0;0
Ратынова-РожковаМФ;1;0
РауловИ;0;0
Раушь-фон-ТраубенбергКК;0;0
РаффаэллиИ;0;0
РацульАП;0;0
РашевскийИГ;0;0
РевенскийЕН;0;0
РедковскийАА;0;0
РедлихГС;0;0
РезановВМ;0;1
РезниковМВ;0;0
РеймерсИИ;0;0
Рейнгольдтфон-Моллер;0;0
РейтернЕП;0;0
РейхардтЕИ;0;0
Ремер;0;0
РендичИ;0;0
РепинаВИ;1;0
РепинИЕ;0;84
РепинЮИ;0;0
РерихНК;0;8
РжевскаяАЛ;1;0
РивьерГ;0;0
РизниченкоФП;0;0
РицониАА;0;0
РицониЕП;0;0
Ришомм;0;0
РоговАП;0;0
РоговинНЕ;0;0
РождественскийВВ;0;0
РозановаОВ;1;1
РозановНВ;0;0
РозенГВ;0;0
РозенИВ;0;0
РозенИС;0;0
РозентальЯМ;0;0
РозенЯС;0;0
РозинскийГН;0;0
РокачевскийАЕ;0;0
РомановичСМ;0;0
Романовский-РоманьковичАС;0;0
РоммАГ;0;0
РоотНФ;0;0
РостворовскийСР;0;0
РостиславовАА;0;0
РошА;0;0
РощубкинА;0;0
РубоФА;0;0
РубцовАА;0;0
РудаковКИ;0;0
РудольфЭрбслох;0;0
РужниковНП;0;0
Рульс;0;0
Рундальцев;0;0
РундальцевЛВ;0;0
РундальцовМВ;0;0
РусаковАИ;0;0
Рушевская;1;0
РущицФЭ;0;0
РыбаковИГ;0;0
РыловАА;0;0
РындзюнскаяМД;1;0
РындинаН;1;0
РыпинЮИ;0;0
РюссР;0;0
РябининНН;0;0
РябушинскийСП;0;0
РябушкинАП;0;5
СабоНН;0;0
СавеловПК;0;0
СавинковВВ;0;0
СавинскийВЕ;0;0
СавицкийГК;0;0
СавицкийКА;0;2
СаврасовАК;0;23
СагайдачныйЕЯ;0;0
СаддИИ;0;0
СаксенКФ;0;0
СаксНЭ;0;0
СалаПО;0;0
СалтыковМД;0;0
СальмонЭФ;0;0
СамойловаАМ;1;0
СамойловаВА;1;0
СамойловПВ;0;0
СамокишНС;0;0
СамуйльсонЕФ;0;0
СапуновНН;0;5
СарьянМС;0;7
СаскоМА;0;0
СафоновАП;0;0
СахаровАА;0;0
СванИ;0;0
СварогВС;0;0
СведомскийПА;0;0
СверчковНЕ;0;1
СветлицкийГП;0;0
СвецаС;0;0
СвиридовБП;0;0
СвятославскийСИ;0;0
СевастьяновСА;0;0
СеверинИ;0;0
СеверовММ;0;0
СедловАФ;0;0
СедовГС;0;1
СейтгофПС;0;0
СелезневИФ;0;0
СеливачеваЕС;0;0
СеменоваАЕ;1;0
СеменовАН;0;0
Семенова-Тянь-ШанскаяВД;1;0
СемизороваГФ;0;0
СемирадскийГО;0;0
СергеевНА;0;0
СергеевНС;0;0
СеребряковаВ;1;0
СеребряковаЗЕ;1;3
СерегинПИ;0;0
СеровВ;0;0
СестрженцевичСС;0;0
СигнакП;0;0
СиливановичНП;0;0
СиливановичНЮ;0;0
СимовВА;0;0
СимонЛ;0;0
СиндинкО;0;0
Синоди-ПоповДМ;0;0
СиняверММ;0;0
СиренкоКГ;0;0
СиферсПЕ;0;0
Скадовский;0;0
СкалонАВ;0;0
СкворцевЯА;0;0
СкворцоваЮИ;1;0
СкворцовЯА;0;0
СкиргеллоАБ;0;0
СкиргеллоББ;0;0
СкляровПА;0;0
СкорняковХН;0;0
СкосаревскаяНП;1;0
СкуйеИА;0;0
СластионовАГ;0;0
СлепянМГ;0;0
Слободянюк-ПодолянСИ;0;0
СловцовАМ;0;0
СлыпянМГ;0;0
СмеловПА;0;0
Смирнова-ИвановаЕА;1;0
СмирновВС;0;0
СмирновНА;0;0
СмотрицкийПФ;0;0
СмукровичПИ;0;0
СнигиревскийАВ;0;0
СоколовАП;0;0
СоколовВИ;0;0
СоколовВП;0;0
СоколовК;0;0
Соколов-ОльховскийИО;0;0
СоколовскийЭК;0;0
СолнцеваГ;1;0
СоловьеваНП;0;0
СологубЛГ;0;0
СоломахаВМ;1;0
СоломкоСС;0;0
СоломонА;0;0
СоломоновМИ;0;0
СолунКИ;0;0
Сомова-ЗельдерАП;1;0
Сомова-МихайловаА;1;0
СомовК;0;0
СомовКА;0;16
Сорин;0;0
СосионковАВ;0;0
СотниковЕМ;0;0
СофроноваАФ;0;0
СпандиковЭК;0;0
СпасскийВВ;0;0
СпесивцевПН;0;0
СрединАВ;0;0
СтабровскийКА;0;0
СтадницкийПГ;0;0
СтанкевичЮА;0;0
СтаркАА;0;0
СтароносовП;0;0
Стахеева-КашкадамоваЕ;1;0
СтеллецкийДС;0;0
СтепановАС;0;5
СтепановаВН;1;0
СтепановАН;0;0
СтепановичКП;0;0
СтепановКП;0;0
СтеценкоАВ;0;0
СтигельР;0;0
СтилианудиАН;0;0
СтолицаЕИ;1;0
СтоляровКД;0;0
СтоляровНД;0;0
СторожевскийН;0;0
СтраховскийВК;0;0
СтрашинскийЛ;0;0
СтребловИБ;0;0
СтрелковскийАИ;0;0
Стрельникова;1;0
СтрубинскийВИ;0;0
СтрукГН;0;0
СтрунниковНИ;0;0
СубботинПИ;0;0
СудейкинСЮ;0;5
Судковская-СамокишЕП;1;0
СудковскийМС;0;0
СудковскийРГ;0;1
СудьбининСН;0;0
СумароковПС;0;0
СуреньянцВЯ;0;0
СуриковВИ;0;74
СусловВВ;0;0
СусловИА;0;0
СуходольскийПА;0;1
СухоровскийМГ;0;0
Сырнев;0;0
СыровВА;0;0
СычковФВ;0;0
ТаккеБА;0;0
ТалепоровскийВН;0;0
ТамановАИ;0;0
ТамбиВН;0;0
ТарховКД;0;0
ТарховНА;0;1
ТатевосянцЕМ;0;0
ТатлинЕВ;0;0
Таубе;0;0
ТаулоуФ;0;0
ТвердаяЕМ;0;0
ТворожниковИИ;0;0
ТерпиловскаяТН;1;0
ТерпсихоровНБ;0;0
ТеснерАА;0;0
ТеснерГГ;0;0
ТидекеАЭ;0;0
ТиевскийК;0;0
Тизенгаузен;0;0
ТильбергРХ;0;0
ТимашевАЕ;0;0
Тиморев;0;0
ТимофеевВС;0;0
ТимофеевВТ;0;0
ТимофеевГ;0;0
ТимусАК;0;0
ТихмироваЕН;1;0
Тихова-ФинкельштейнМЛ;1;0
ТиховВГ;0;0
ТихомировИВ;0;0
ТишинВЯ;0;0
ТищенкоН;0;0
ТкаченкоВИ;0;0
ТкаченкоМС;0;0
ТовастшернаКА;1;0
ТолстаяСИ;1;0
ТомашевичБТ;0;0
ТомбаК;0;0
ТомовФИ;0;0
ТопаловаОС;1;0
Топелиус-КиселеваЕК;1;0
ТоппелиусВФ;0;0
ТраилинСА;0;0
ТрамбицкийАЕ;0;0
ТраунбергВИ;0;0
Трембач;0;0
ТретьяковаОН;1;0
ТрифоновИТ;0;0
ТрифоновПВ;0;0
ТроновВА;0;0
ТроупянскийЯА;0;0
ТрофименкоНА;0;0
ТрояновскийВ;0;0
ТрояновскийОИ;0;0
ТрубецкаяОН;1;0
ТрубецкойП;0;8
ТружанскийЛВ;0;0
ТрутневИП;0;0
ТрутовскийКА;0;1
ТулуповСИ;0;0
ТупицынБИ;0;0
ТуржанскийЛВ;0;1
ТурлыгинЯП;0;0
ТурченкоЛГ;0;0
ТхоржевскаяТИ;1;0
ТычинкинММ;0;0
ТюринИА;0;0
УваровНМ;0;0
УводскаяЕВ;1;0
УдальцеваНА;1;0
УконинНА;0;0
УлинАА;0;0
УльнинИЕ;0;0
УльяновНП;0;0
УрлаубЕФ;0;0
УрлаубЛЯ;0;0
УткинП;0;0
УхановаАВ;1;0
УхтомскийСА;0;0
Ушаков-ПоскочинМВ;0;0
УшинАА;0;0
ФалилеевВД;0;0
ФаллизАГ;0;0
ФалькРР;0;1
ФеглерИГ;0;0
ФеддерсЮИ;0;0
ФедороваМА;0;0
ФедоровЕВ;0;0
ФедоровИК;0;0
ФедоровИП;0;0
ФедоровичВН;0;0
ФёдоровМС;0;0
ФедотовИ;0;0
ФельдманКА;0;0
ФельтенВФ;0;0
ФендикВК;0;0
ФеофилактовНП;0;0
Фетваджиан;0;0
Фибих;0;0
ФилиповКН;0;0
Филонов;0;0
ФильковичКИ;0;0
ФинкельштейнВЯ;0;0
ФлавицкийКД;0;0
ФовелинАИ;0;0
ФогельБА;0;0
Фоглер;0;0
ФокинНМ;0;1
ФоминИА;0;0
Фон БокАР;0;0
Фон ВистингаузенАА;0;0
Фон-Визен;0;0
Фонтано;0;0
Форен;0;0
ФорселлесА;0;0
ФранкГ;0;0
ФредерикЛ;0;0
Фрейвирт-ЛютцовОО;0;0
ФренцРФ;0;0
ФренцРР;0;0
ФроловАА;0;0
ФроловАП;0;0
ФроловВА;0;0
ФроловДП;0;0
ФроловскийП;0;0
ХалявинНФ;0;0
ХаритоновНВ;0;0
ХарламовАА;0;0
ХарламовМЕ;0;0
ХарламовМЯ;0;0
ХарламповичАА;0;0
ХижинскийЛС;0;0
ХимонаНП;1;0
ХлудовНГ;0;0
ХныгинЛА;0;0
ХолодовскийМИ;0;0
ХолявинНО;0;0
ХохряковНН;0;0
ХрамцовНА;0;0
ХреновАС;0;0
ХрусловЕМ;0;0
ХрусталевАИ;0;0
ХрусталевВЯ;0;0
ХрустачевНИ;0;0
ХудояровВП;0;0
Хутари;0;0
Царевская-НаумоваВК;1;0
ЦветковБИ;0;0
ЦейдлерВП;0;0
ЦейдлерКФ;0;0
ЦейдлерНА;0;0
ЦелинскийСО;0;0
ЦионглинскийИФ;0;0
ЦионглинскийЯФ;0;0
ЦириготтиНГ;0;0
Цурмюлен;0;0
ЦыхановскийММ;0;0
ЧагинФИ;0;0
ЧайковскаяОВ;1;0
ЧахровЯА;0;0
Чемберс-БилибинаМЯ;1;0
ЧепцовСМ;0;0
ЧереповАВ;0;0
ЧеркасовПА;0;0
ЧеркасскийАМ;0;0
Черневская-ШульцЕД;0;0
ЧерновВ;0;0
ЧерновНН;0;0
Чернов-ПлесскийЛМ;0;0
ЧернышевТП;0;0
ЧерчоповА;0;0
ЧесноковПВ;0;0
ЧехонинСВ;0;0
ЧижеваМИ;0;0
ЧижовМА;0;0
ЧикалинаМН;1;0
ЧириковАИ;0;0
ЧиркаФА;0;0
ЧиркинАД;0;0
ЧистосердовВ;0;0
ЧистяковПП;0;3
ЧичелевНИ;0;0
ЧугуновАИ;0;0
ЧуевЗХ;0;0
ЧуйкоМС;0;0
ЧумаковФП;0;0
ЧупятовЛТ;0;0
ЧурлянисНК;0;0
ШабунинНА;0;0
ШагалИ;0;0
ШалагиноваЕГ;1;0
ШамраевВП;0;0
ШамшинПМ;0;0
ШанксЭЯ;1;0
ШаньковскийБГ;0;0
ШапошниковаЕМ;1;0
ШараповДФ;0;0
ШариковНД;0;0
ШарлеманьАИ;0;1
ШарлеманьОА;0;0
ШатиловНИ;0;0
ШафранМЛ;0;0
ШаховскаяМА;1;0
ШаховскойНП;0;0
ШваревМС;0;0
ШебекоЕИ;0;0
ШевченкоАВ;0;1
ШелинговскийПА;0;0
ШелковыйСТ;0;0
ШельлхаутЛ;0;0
ШемякинМФ;0;0
ШендеревАС;0;0
ШервудЛВ;0;0
ШербиновскийДА;0;0
ШервашидзеАК;0;0
ШервудСЛ;0;0
ШереметевВВ;0;0
ШестеркинМИ;0;0
ШестопаловНИ;0;0
ШибановАГ;0;0
ШильдерАН;0;0
ШильцовПС;0;0
ШиповПД;0;0
ШитиковВД;0;0
ШишкинИИ;0;35
ШишковМА;0;0
ШкляревичКК;0;0
ШкольникИС;0;0
ШлейнНП;0;0
ШлейферНГ;0;0
ШлейфертЦЯ;0;0
ШлуглейтИМ;0;0
ШляковВД;0;0
ШмаковНН;0;0
ШмаровПД;0;0
ШмидтЕГ;0;0
ШолпоЕА;0;0
ШостаченкоАА;0;0
ШохинАН;0;0
ШохинДМ;0;0
ШперерЭФ;0;0
ШредерИН;0;0
ШрейберВП;0;0
ШрейберПП;0;0
ШренкГА;0;0
ШретерМВ;0;0
ШтейнманЛХ;0;0
ШтемберВК;0;0
ШтрасерВБ;0;0
ШтурманАИ;0;0
ШтюрцвагеЯ;0;0
ШульманСБ;0;0
Шульц-БертрамП;0;0
ШульцБН;0;0
ШульцВМ;0;0
ШульцеАГ;0;0
ШурыгинАА;0;0
ШухаеваЕН;0;0
ШухаевВИ;0;1
ЩанкинВН;0;0
ЩербаковВС;0;0
ЩербатовС;0;0
ЩербиновскийДА;0;0
ЩербовПЕ;0;0
ЩеткинНП;0;0
ЩукинПЕ;0;0
ЩукоВА;0;0
ЩусевАВ;0;0
ЭберлингАР;0;0
Эборович-ЗалысскаяЕ;0;0
ЭгизБИ;0;0
ЭдвардсБВ;0;0
ЭдельфельдтАА;0;0
ЭдуардсБВ;0;0
ЭйгесВР;0;0
Эйзгаузен;0;0
ЭйсенгардтИС;0;0
ЭйсмондФИ;0;0
ЭйсснерАП;0;0
ЭкгорстВЕ;0;0
ЭкгорстьВЕ;0;0
ЭкстерАА;0;1
ЭлертНЛ;0;0
Эльпе;0;0
ЭмерикАГ;0;0
ЭммеВВ;0;0
ЭндауроваЛМ;1;0
ЭнкельМ;0;0
ЭрихсонЛР;0;0
Эрнефельд;0;0
Эрро-Раута;0;0
ЭскинСС;0;0
ЭссенБН;0;0
ЭтлингерМВ;0;0
ЭшкишевичВ;0;0
ЭшлиманВК;0;0
ЮдинСП;0;0
Юнгблют;0;0
ЮнгеЕФ;1;0
Юнкер-КрамскаяСИ;1;0
ЮнонКФ;0;0
Юргенсон-СнигереваАП;0;0
ЯблочкинВА;0;0
ЯвленскийАА;0;0
ЯкобиВИ;0;2
ЯкобиСП;0;0
ЯковлевАЕ;0;3
Яковлева-ШапоринаЛВ;0;0
ЯковлевВИ;0;0
ЯковлевГГ;0;0
ЯковлевМН;0;0
ЯкуловГБ;0;0
ЯкунчиковаМ;1;0
ЯнковМД;0;0
ЯновАС;0;0
ЯновскийЛВ;0;0
ЯремичСП;0;0
ЯрошенкоНА;0;8
Яругский-ЭругаЯМ;0;0
ЯрцевГФ;0;0
ЯсинскийАА;0;0
ЯсинскийИИ;0;0
ЯстребцовНП;0;0
ЯстржембскийАС;0;0
ЯцимирскаяО;1;0
ЯцуньскийБ;0;0
