name;1907;1908;1909;1911;1912;1913;1914;1916
Allonge;;;;;;;;
Ferrari;;;;;;;;
LeFauconnier;;;;;;;;
PelicierG;;;;;;;;
Pomma;;;;;;;;
Raymondi;;;;;;;;
WoizyC;;1;;;;;;
АбрамовАИ;;;;;;;;
АбриЛ;;;;;;;;
АвеншепсГ;;;;;;;;
АветисьянГА;;;;;;;;
АвиловМИ;;;;;;;;
АгафоновЕА;;;;;;;;
АдамсонАИ;7;4;;;;;;
АдтКФ;;;;;;;;
АйвазовскийИК;;;;;;;;
АкимоваЮВ;;1;;;;;;
АкишинПИ;;;;;;;;
АккерЭ;;;;;;;;
АксенюкПД;;;;;;;;
АладжаловМХ;;;;;;;;
АлександроваЕВ;;;;;;;;
АлександровНН;;;;;;;;
АлександровскийСФ;;;;;;;;
Александров-ТитовскойНА;;;;;;;;
АлексеевАА;10;;;;54;7;;
АлексеевВВ;;;;;;;;
АлексеевВМ;;;;;;;;
АлексеевГД;;;;;;;;
АлексеевНВ;;;;;;;;
АлексоматиНХ;;;;;;;;
АлферьеваСВ;;;;;;;;
АльбрехтЛГ;;;;1;;;;
Альквист;;;;;;;;
Альстедт;;;;;;;;
АльтаманН;;;;;;;;
АльтенбергИГ;;;;;;;;
АльхимовичК;;;;;;;;
Аман-Жан;;;;;;;;
АммонВ;;;;;;;;
АммосовСН;;;;;;;;
АмосоваОФ;;;;;;;;
АндерсонЕК;;;;;;4;5;
АндреевВИ;;;;;;;;
АнзимироваНВ;;;;;;;;
АнисимовВК;;;;;;;;
АнисимовЮП;;;;;;;;
АнисфельдБИ;;;;;;;;
АничковАИ;;;;;;;;
Анкетэн;;;;;;;;
АнтокольскийММ;;;;;;;;
АнтоновАИ;1;1;;;;;;
Антропова;;;;;;;;
АнтроповИГ;;;;;;;;
АпостолиВА;;;;;;;;
АракелянС;;;;;;;;
АраповАА;;;;;;;;
АронсонНН;;;;;;;;
АрхиповАЕ;;;;;;;;
АрхиповСН;;;;;;;;
АрчиониГ;5;;;;;;;
АскназийИЛ;;;;;;;;
АстафьеваВЛ;;;;;;;;
АтрыганьевН;;;;;;;;
АтрыганьевНА;;;;;;;;
АуэрГД;;;;2;2;6;;9
АфанасьевАФ;;;;;;;;
АфанасьевВЯ;;;;;;;;
Афанасьев-Кокель;;;;;;;;
АхенбахГ;;;;;;;;
АхочинскаяЗП;;;;;;;;
БабутММ;;;1;5;6;3;14;9
Багратион-МухранскаяВН;;;;;;;;
БадовскийАФ;;;;;;;;
БаженовНВ;;;;;;;;
БажинНН;;;;;;;;
БакаловичСВ;5;3;2;4;;1;;
БаклундЭО;;;;;;;;
БакмансонГК;6;;29;49;8;21;9;
БакстЛС;;;;;;;;
БакшеевВН;;;;;;;;
БалашевПИ;;;;;;;;
БалкСМ;;3;1;;;2;1;
БаллодПП;;;;;;;;
БалльерАИ;;;;;;;;
БалунинМА;;;;;;;;6
Бальц;;;;;;;;
БарамзинЕВ;;;;;;;;
БарстельсГ;;;;;;;;
БартВС;;;;;;;;
БаруздинаВМ;;;;;;;;
БарынинАА;;;;;;;;
БасинПВ;;;;;;;;
Бастер;;;;;;;;
БатуринВП;;;3;2;11;6;23;
БауманАГ;;;2;;;;;
БауманАЕ;;;;;;;;
БауманАН;;;;;;;;
БахНИ;;;;;;;;
БахРР;;;;;;;;
БахтеевВ;;;;;;;;
БахтинКН;;;;;;;;
БашинджагианГЗ;;;1;15;14;10;12;3
Беггрова-ГартманОФ;;;;;;;;
БеггровАК;;;;;;;;
БегерЛМ;;;;;;;;
БегичевАР;;;;;;;;
БедросовКП;;;;;;;;
БезверховНП;;;;;;;;
БезродныйМЕ;;;;;;;;
БезродныйМС;;;;;;;;
БезродныйПВ;3;2;4;5;1;;;
БейгульАН;;;;;;;;
БеккерА;;;;;;;;
БеклемишевВА;;;;;;;;
БёклинА;;;;;;;;
БекряшевНГ;;;;;;2;;
БелкинВ;;;;;;;;
Белоусов;;;;;;;;
БелыйАФ;;;;;;;;
БельзенЯЯ;;;;;;;;
БелявскийМК;;;;;;;;
БеляевА;;;;;;;;
БеляковЕЕ;;;;;;;;
БемЕМ;;;;;;;;
БенарА;;;;;;;;
БенигКБ;;;;;;;;
БенкендорфДА;;;;;;;;
БенуаАА;;;;;;;;
БенуаАлекс Н;;;;;;;;
БенуаАльб Н;;;;;;;;
БергВВ;;;;;;;;
БерггольцРА;;;;;;;;
БеридтсонГФ;;;;;;;;
БерингерВВ;3;2;2;5;4;;;
БеркосМА;;;;;;;;
БерндтсонГФ;;;;;;;;
БернштамЛА;;;;;;;;
БероянАК;;;;;;;;
БерсонА;;1;1;;2;;;
БершадскийЮР;;;;;;;;
Биленкий;;;;;;;;
БилибинИИ;;;;;;;;
БильдерлингАА;;;;;;;;
БиркингерФ;;;;;;;;
БирнбаумСР;;;;;;;;
БлаговещенскийНД;;2;4;3;3;5;;2
БландоваМН;;;;;;;;
БланшЖ;;;;;;;;
БлахеХр;;;;;;;;
БлентА;;;;;;;;
БлиновЛД;;;;;;;;
БломстедтВ;;;;;;;;
БлощинскаяОП;;;;;;;;
БлуменфельдАФ;;;;;;;;
БлюмВИ;;;;;;;;
БлюментальЮЮ;;;;;;;;
БлюменфельдГМ;;;;;;;;
Бобрищева-Пушкина;;;;;;;;
БобровАА;;;;;;;;
БобровАВ;;;;3;;;;
БобровВА;12;9;9;;4;;;
БобровВН;;;;;;;;
БобровскийГМ;;;;;;;;
БобровСП;;;;;;;;
БогаевскийКФ;;;;;;;;
БогатовНА;;;;;1;4;;
БогатыревВС;;;;;;;;
БогатыревИС;;;;;;;;
Богданов-БельскийНП;;;;;;;;
БогдановичФО;;;;;;;;
БогдановНП;;;;;;;;
БогданПГ;;;;;;;;
БоголюбовАП;;;;;;;;
БоголюбовБМ;;;;;;;;
БогомазовТН;;;;;;;;
БодаревскийНК;;;;;;;;
БодемюллерФ;;;;;;;;
Бодуэн-де-Куртенэ;;;;;;;;
Боженко;;;;;;;;
БожеряновА;;;;;;;;
БолдыревИЕ;;;;;5;3;;
БолотновВД;;;;;;;;
БольдиниД;;;;;;;;
Бонч-ОсмоловскаяОГ;;;;;;;;
Бонч-ТомашевскийЮО;;;;;;;;
БоревскийН;;;;;;;;
БоринВМ;;;;;;;;
БорисовАА;;;;;;;;
БорисовИФ;;;;;;;;
Борисов-МусатовВЭ;;;;;;;;
БормоткинВМ;;;;;;;;
БородаевскийСО;;;;;;;;
БортникерДМ;;;;;;;;
БоруздинаВМ;;;;;;;;
БоскинМВ;;;;;;;;
БоссиЭ;;;;;;;;
БоткинаМС;;;;;;;;
БоткинМП;;;;;;;;
БоткинНИ;;;;;;;;
БочаровМИ;;;;;;;;
БрагаГ;;;;;;;;
БрагаЭ;;;;;;;;
БразельЮН;;1;;1;;;;
БразОЭ;;;;;;;;
БраиловскаяРН;;;;;;;;
БраиловскийЛМ;;;;;;;;
БракГ;;;;;;;;
БрандтИ;;;;;;;;
БраунЭГ;;;;;;;;
Бредт;;;;;;;;
Брендель;;;;;;;;
БржозовскийФФ;;;;;;;;
БроварьЯИ;1;3;;;;;;
БродскийИИ;;;;;;;;
БромбергФГ;;4;;;3;;;
БронниковНК;;;;;;;;
БронниковФА;;;;;;;;
БроновицкийГФ;;;;;;;;
БруниНА;;;;;;;;
БруниФА;;;;;;;;
БрускетиАЯ;;;;;;;;
БрухардтФК;;;;;2;;;
БрэнгвинЖ;;;;;;;;
БрюлловПА;;;;;;;;
БрянскийМВ;;;;;;;;
БубликовНЕ;;;;3;;;;2
Будкевич;;;;;;;;
Будковская-КибальчичНТ;;;;;;;;
БудковскийГЯ;;;;;;;;
БузалевскийБМ;;;;;2;;;
БуйндМА;;;;;;;;
БуйницкийРИ;;;2;;;;;
БуковецкийЕИ;;;;;;;;
БукФП;;;;;;;;
БулацельРС;;;;;;;;
Бульмеринг-КороленкоЕП;;;;;;;3;
БунинНН;1;4;6;1;1;;;
БургардтЛО;;;;;;;;
Бургарт;;;;;;;;
БуринскаяНФ;;;;;;;;
БурлюкВД;;;;;;;;
БурлюкДД;;;;;;;;
БуровФЕ;;;;;;;;
БурхардтФК;;;;4;;;;
БутлярСА;;;;;;;4;
Бутэ-де-Монвель;;;;;;;;
БухгольцФФ;9;9;14;12;20;11;58;20
БухерАИ;;;;;;;;
БухПН;;;;;;;;
БыкадоровНЯ;;;;;;;;
БыковскийНМ;;;;;;;;
БылевскийФС;;;;;;;;
БыляшкинВВ;;;;;;;;
БыстренинВИ;;;;;;;;
БычковВП;;;;;;;;
Бюлов;;;;;;;;
Бяльницкий-БируляВК;;;;;;;;
ВаальАЭ;;;;;;;;
ВагнерПН;;;;;;;;
ВаленковаСН;;;;;;;;
ВалькевичМИ;;;;;;;;
ВальтерИФ;;;;;;;;
ВанДонген;;;;;;;;
ВарыпаеваНА;;;;;;;;
ВасильевАА;;;;;;;;
ВасильевВН;;;;4;4;4;;
ВасильевЛО;;;;;;;;
ВасильевМА;;;;;;;;
ВасильевФА;;;;;;;;
ВасильковскийСИ;;;;;;;;
ВаскиевскаяЕ;;;;;;;;
ВаснецовАМ;;;;;;;;
ВаснецовВМ;;;;;;;;
ВасютинскийАА;;;;;;;;
Ваулин;;;;;;;;
ВахрамеевАИ;;;;;;;;
ВахрушовФМ;2;2;1;3;3;;;
ВахтерЕА;;;;;;;;
ВащенкоЕП;;;;;;;;
ВеберЯЯ;;;;;;;;
Вейсенгоф;;;;;;;;
ВейценбергАИ;;;2;;;;;
ВекшинскийАН;;;;;;;;
ВелигоноваЗВ;;;;;1;;;
ВеликановВИ;;;;;;;;
ВельонскийПА;;;;;;;;
ВельцИА;13;10;11;11;15;12;16;14
ВенигКБ;2;4;;;;;;
ВенигПК;2;6;6;;;8;5;16
ВеревкинаМ;;;;;;;;
ВеревкинФИ;;;;;;;;
ВерейскийГС;;;;;;;;
ВерещагинВВ;;4;;;;;;
ВерещагинВП;4;;;;;;;
ВерещагинПИ;;;;;;;;
ВерещагинПП;;;;;;;;
ВернерАВ;;;;;;;;
Версилова-НерчинскаяМН;;;;;;;;
Вертс;;;;;;;;
ВерховскаяЛН;;;;;;;;
ВерховскийГЕ;;;;;;;;
ВершининИЕ;;;;;;;;
ВеселовПЛ;;;;;;;;
ВеселовскийЛР;;;;;;;;
ВестфаленАХ;;;;;;;;
ВещиловКА;;;;;;;;
ВжещьЕК;;;;;;;;
ВизельЭО;;;;;;;;
ВиллевальдеАБ;;;;;;;;
ВиллевальдеБП;;;;;;;;
Виллегас;;;;;;;;
ВиллиамЕН;;;;;;;;
ВиллиеМЯ;;;;;;;;
ВильдеРФ;;;;;;;;
Вилье;;;;;;;;
ВинклерКА;;;;;;;;
ВиноградоваОА;;;;;;;;
ВиноградовСА;;;;;;;;
ВинцманИК;1;1;1;1;;;;
ВинцманОИ;;;;;;;;
ВисковатоваЕИ;;;;;;;;
ВисниовскаяЕИ;;;;;;;;
ВистингаузенАА;;;;;;;;
ВитвицкийИГ;;;;;;;;
ВладимировИА;;;;;;;;
ВладимирскийБ;;;;;;;;
Владимирский-Киевский;;;1;;;;;
ВласовСА;;;;;;;;
ВознесенскаяАВ;1;;;;;;;
ВоиновРВ;;;;;;;;
ВолковВВ;;;;;;;;
ВолковГ;;;;;;;;
ВолковЕЕ;;;;;;;;
ВолочинковАМ;;;;;;;;
ВонгльСЭ;;2;;;;;;
ВороненковВЕ;;;;;;;;
ВоронковВЕ;;;;;;;;
ВороновПФ;;;;;;;;
ВоронцовВВ;;;;;;;;
ВоротынскийДА;;;;;;;;
ВостингаузенА;;;;;;;;
ВрангельЕК;;;;;;;;
ВрачевИА;;;;1;;;;
ВроблевскийКК;;;;;;;;
ВронскийСЕ;;;;;;;;
ВрубельМА;;;;;;;;
ВульфВВ;;;;;;;;
ВучичевичВД;;;;;;;;
ВывиорскийМИ;;;;;;;;
ВыезжевАН;;;;;;;;
ВысотскийКС;;;;;;;;
ГаберцеттельВ;;;;;;3;;
ГабовичМГ;;;;;;;;
ГаврильцевДМ;1;;;5;6;5;;10
ГагаринНВ;;;;;;;;
Гаген-ТорнМЭ;;1;;;;;;
Гаген-ШварцЮ;;;;;;;;
ГадонСС;;;;;;;;
ГаевскийВМ;;;;;;;;
Галеота;;;;;;;;
ГалимскийВМ;;;;;;;;
ГалкинИС;;;;;;;;
ГалленА;;;;;;;;
Галофрэ;;;;;;;;
ГамбургерЛА;;;;;;;;
ГаммК;;;;;;;;
ГанзенАВ;;;;;;;;6
ГариевичБВ;;;;;;;;
ГартманК;;;;;;;;
ГаушАФ;;;;;;;;
ГаушЛ;;;;;;;;
ГвидоН;;2;6;;;;;
Гейерманс;;;;;;;;
ГейманС;;;;;;;;
ГеллерПИ;7;11;15;14;21;18;22;19
Гельдвейн-Ваулин;;;;;;;;
ГеНН;;;;;;;;
ГерардовНИ;;;;;;;;
ГерасимовАМ;;;;;;;;
ГерманГ;;;;;;;;
ГермашевММ;;;;;;;;
ГерсонВВ;;;;;;;;
ГершевскийСИ;;;;;;;;
ГефтлерКЭ;;;;;;;;6
ГигогабаевГИ;;;;;;;;
ГинцбургИЯ;;;;;;;;
ГинцбургМГ;;;;;;;;
ГиньковскийПВ;;;;;;;;
ГиппусНН;;;;;;;;
ГирвАП;5;4;6;;6;8;7;1
ГиршльА;;;;;;;;
ГлаголеваАС;;;;;;;;
ГлобаНВ;;;;;;;;
ГлущенкоДИ;;;;;;;;
ГляйзесА;;;;;;;;
ГодунЕ;;;;;;;;
ГолеевскаяПК;;;;1;;2;;
ГолембиовскийКИ;;;;;;;;
ГолицынаЕВ;;;;;;;;
ГоловинАЯ;;;;;;;;
ГоловкинГС;;;;;;;;
ГоловковГС;;;;;;;;
ГолубкинаАС;;;;;;;;
ГолынскийВА;;;;;;;;
ГольдблатЯС;;;;;;;;
ГольддингерЕВ;;;;;;;;
ГольдеЭН;;;;;;;;
ГольдингерЕВ;;;;;;;;
ГольдманИБ;;2;;;;;13;
Гом-БаргЮЯ;;;;;;;;
ГончароваНС;;;;;;;;
ГонякИК;;;;;;;;5
ГоравскийАГ;;;;;;;;
ГорбатовКИ;;;;;;;;
ГорбуновАК;;;;;;;;
ГорбуновКА;;;;;;;;
ГороновичВЯ;;;;;;;;
ГороховИЛ;4;8;11;8;9;13;;
ГорскийКН;;;;;;;;
Горюшкин-СкоропудовИС;13;;2;;;;;
ГосЭИ;;;;;;;;
ГофманнК;;;;;;;;
ГофманОА;;;;;;;;
ГоффертАЕ;;;;;;;;
ГрабарьИЭ;;;;;;;;
ГрабовскийВ;;;;;1;;;
ГравеВФ;;;;4;3;;;3
ГрандковскийНК;2;;;;;;;
ГригорьевВМ;;;;;;;;
ГригорьевПА;;;;;;;;
ГриллихесАА;;;2;;1;;;
ГриневАП;;;;;;;;
ГриценкоНН;;;;;;;;
ГрищенкоАВ;;;;;;;;
ГромовАА;;;;;;;;
ГросманАГ;;;;;;;;
ГрузенбергСН;;;;;;;;
ГрузинскийПН;;;;;;;;
ГрюнфельдМИ;;;;;;;;
ГугунаеваИГ;;;;;;;;
ГужавинММ;;;;;;;;
ГузарскийВ;;;;;;;;
ГузиковСМ;;;;;;;;
ГулевичЕА;;;;;;;;
ГумаликНИ;;;;;;;;
ГунКФ;;;;;;;;
ГусеваАА;;;;;;;;
ГусеваГ;;;;;;2;;
ГусиковХК;;;;;;;;
Гюбнер-СимонисЭВ;;;;;;;;
ГюбнерЭВ;;;;;;;;
ГюрджанАМ;;;;;;;;
ДабижаАВ;;;;;;;;
ДаксергофФП;;;;;;;;
ДальГ;;;;;;;;
Д'АльгеймММ;1;;;;;;;
Даньян-Бувере;;;;;;;;
ДаугельА;;;;;;;;
Дашенко;;;;;;;;
ДворниковТЯ;;;;;;;;
Де-Вит-МанизерСС;;;;;;;;
ДевяткинСЕ;;3;;3;2;2;;3
ДевятовЯМ;;;;;;;;
ДегазШ;;;;;;;;
ДеевСС;;;;;;;;
Делла-ВосОЛ;;;;;;;;
ДенисовАК;;;;;;;;
Денисов-УральскийАК;1;2;;;;;;
ДеранА;;;;;;;;
ДержавинНМ;;;;;;;;
ДерюжинскийГВ;;;;;;;;
ДетерсЭВ;;;;;;;;
ДешинД;;;;;;;;1
ДженеевИА;2;;;;;;;
ДжилардиП;;;;;;;;
ДжогинПП;;;;;;;;
ДжонстонГ;;;;;;;;
ДиллонМЛ;;;3;4;3;2;;3
ДилльЛ;;;;;;;;
ДитрихЛА;;;;;;;;
ДмитриевВА;;;;;;;;
ДмитриевИЯ;;;;;;;;
Дмитриев-КавказскийЛЕ;;;;;;;;
Дмитриев-КавказскийН;;;;;;;;
ДмитриевЛЕ;;;;;;;;
Дмитриев-ОренбургскийНД;;;;;;;;
ДмитриевС;;;;;;;;
Дмитриев-ЧелябинскийИЯ;;;;1;3;;;2
ДобрижинскийВА;;;;;;;;
ДобровольскийВГ;;;;;;;;
ДобровольскийНФ;;;;;;;;
ДобужинскийМВ;;;;;;;;
ДолговАА;;;;;;;;
ДолговИВ;;;;;;;;
ДолинВК;;;;;;;;
ДомарадзкийСЭ;;;;;;;;
ДоскинНВ;;;;;;;;
ДржевецкаяЛ;;;;;;;;
ДриттенпрейсВП;;;;;;;;
ДроздовИГ;;;;;;;;
ДрюльВ;;;;;;;;
ДубовскийНН;;;;;;;;
ДубровскийАС;;;;;;;;
ДудинИО;;;;;;;;
ДуковичСА;;;;;;;;
ДукшинскаяЭГ;;;;;;;;
ДурдинБН;;;;;;;;
ДурновМА;;;;;;;;
ДыдышкоКВ;;;;;;;;
Дьякова-АлексееваМН;;;;;;;;
ДьяковаМН;;;;;;;;
Дьяконов-МичанскийДВ;;;;;;;;
ДюккерЕЭ;;;;;;;;
ЕвреиновВВ;;;;2;2;1;;
ЕвсеевКИ;;;;;;;;
ЕгорновАС;;;;;;;;
ЕгорновСС;14;10;6;10;14;13;13;11
ЕгоровАА;;;;;;;;3
ЕгоровЕВ;;;;;;;;
ЕгоровЛЕ;;;;;;;;
ЕгоровСЗ;;;;;;;;1
ЕдельфельдА;;;;;;;;
ЕндогуровНИ;;;;;;;;
ЕрмиловИ;;;;;;;;
ЕрмолаевБН;;;;;;;;
ЕрнефельтЕ;;;;;;;;
ЕсиповДА;;;;;;;;
ЕфимовИЕ;;;;;;;;
ЕфимовМЯ;;;;;;;;
ЕфимовНН;;;;;;;;
ЖабаАК;;;;;;;;
ЖабаНК;;;;;;;;
ЖаравоваАА;;;;;;;;
Жевакина-НикольскаяМС;;;;;;;;
Жеврежеев;;;;;;;;
ЖелтовскийИВ;;;;;;;;
ЖижиленкоАИ;;;;;;;;
ЖижиленкоГА;;;;;;;;
ЖилардиРС;;;;;;;;
ЖилинПФ;;;;;;;;
ЖильцовИО;;;;;;;;
ЖолтовскийИВ;;;;;;;;
ЖувенауИ;;;;;;;;
ЖудинаОД;;;;;;;;
ЖудинДА;;;;;;;;
ЖуковаЛА;;;;;;;;
ЖуковИС;;2;2;3;2;1;;
ЖуковскаяМБ;;;;;;;;
ЖуковскийСЮ;;;;;;;;
ЖупахинСГ;;;;;;;;
ЖуравлевФС;;;;;;;;
ЗабеллоПП;;;;;;;;
ЗабоклицкийВЛ;;;;;;;;
ЗаболотскийПП;;;;;;;;
ЗаборовскийСА;;;1;;;;;
ЗавойкоСВ;;;;;;;;
ЗагорскийНП;;;;;;;;
ЗайднерЕ;;;;;;;;
Зайднер-СаддЕ;;;;;;;;
ЗайцевК;;;;;;;;
ЗайцевММ;;;;;;;;
ЗайцевНС;;;;;;;;
ЗалеманГР;;;;;;;;
ЗалесскийСИ;;;;;;;;
ЗальВК;;;;;;;;
ЗальцманГ;;;;;;;;
ЗамирайлоВД;;;;;;;;
Зандер-РандаловаЭЯ;;;;;;;;
ЗандинМП;;;;;;;;
ЗанковскийИН;;;;;2;;;
Запольский-ДовнарРВ;;;;;;;;
ЗапорожцевВ;;;;;;;;
ЗарецкийАА;;;;;;;;
ЗарецкийНВ;;;;;;;;
ЗарубинВИ;;;;;;;;
ЗарыцкийНВ;;;;;;;;
ЗарянкоСК;;;;;;;;
ЗахаровА;;;;;;;;
ЗахаровИИ;;;;;;;;
ЗахаровФИ;;;;;;;;
ЗахгеймМО;;;;;;;;
ЗверевВА;;;;;;;;
ЗданевичКМ;;;;;;;;
ЗедделерНН;;;;;;;;
ЗейденбергСМ;;;;;;;;
ЗеленскийММ;;;;;;;;
ЗельмановаАМ;;;;;;;;
ЗенковСН;;;;;;;;
ЗенченкоВМ;;;;2;1;2;;1
ЗеньковичНВ;;;;;;;;
ЗиминГД;;;;;;;;
ЗиминКН;;;;;;;;
ЗиновьевА;;;;;;;;
ЗиновьевПГ;;;;;;;;
Зихель;;;;;;;;
ЗлатовратскийАН;;;;;;;;
ЗоммерКА;;;;;;;;
ЗоммерРК;;;1;4;10;7;;8
ЗоринФТ;;;;;;;;
ЗубчаниновНА;;;;;;;;
ЗулмарЛН;;;;;;;;
ИваницкаяЕЕ;;;;;;;;
ИванкинГВ;;;;;;;;
ИвановАА;;;;;;;;
ИвановАЕ;;;;;;;;
ИвановаКВ;;;;;;;;
ИвановБМ;;;;;;;;
ИвановДГ;;;;;;;;
Иванов-ЛозовскийГМ;;;;;;;;
ИвановМФ;;;;;;;;
ИвановНЛ;;;;;;;;
ИвановПП;;;1;;2;1;4;
ИвановСВ;;;;;;;;
ИвановСП;;;;;;;;
ИвашинцеваМИ;;;;;;;;
ИвковскийСК;;;;;;;;
ИгнатьевМИ;;;;2;2;6;;4
Иелита-ВольскийФА;;;;;;;;
ИжакевичАА;;;;;;;;
ИжакевичИС;;;;;;;;
ИжевскаяМП;;;;;;;;
ИзмайловичВМ;;1;3;12;8;6;16;7
ИзоевПФ;;;;1;2;;;
Икар;;;;;;;;
ИконниковАД;;;;;;;;
ИльинЛН;;;;;;;;
ИльинскийВК;;;;;;;;
ИмеретинскаяОФ;;;;;;;;
ИонинНА;;;;;;;;
ИоффеМС;;;;2;4;1;7;3
ИсуповАВ;;;;;;;;
ЙенсенДИ;;;;;;;;
Кавос-ЗаруднаяЕС;;;;;1;;;
КавтарадзеАК;;;;;;;;
КавтарадзеКЗ;;;;;;8;;
КагородовАД;;;;;;;;
КазаковИС;;;;;;;;
КазановскаяМА;;;;;;;;
КазановскийВЛ;;;;;;;;
КазанцеваЕВ;;;;;;;;
КазанцевВП;;;;;;;;
КазенЖ;;;;;;;;
КайгородовАД;;;;;;;;
КакабадзеДН;;;;;;;;
КалачевЕА;;;;;;;;
КалашниковЕА;;;;;;;;
КалмаковНК;;;;;;;;
КалмыковГО;;;;2;2;6;;5
КалмыковИЛ;;;1;;;;;
Калупов;;;;;;;;
КамаровВИ;;;;;;;;
КамбаровИА;;;;;;;;
КаменевЛЛ;;;;;;;;
КаменскийБМ;;;;;;;;
КаменскийГП;;;;;;;;
КаменскийПП;;;;;;;;
КаменскийФМ;;;;;;;;
КаменскийФФ;;;;;;;;
КаменцеваЕИ;;;;;;;;
КандауровАИ;;;;;;;;
КандинскийВВ;;;;;;;;
КанольдтА;;;;;;;;
КанцеровАГ;;;;;;;;
КаплунАВ;;;;;;;;
КаразинНН;;;;;;;;
Каргус-СмоленскийВР;;;;;1;;;
КардовскийДН;;;;;;;;
КаревАЕ;;;;;;;;
КарелинАА;;;;;;;;
Карем-ВайнштейнЕС;;;;;;;;
КаринскаяА;;;;;;;;
КарнеевАЕ;;;;;;;;
КародоссиВ;;;;;;;;
Карпинская-ГерунгЕГ;;;;;;;;
Карпова-КоншевскаяЕГ;;;;;;;;
КарриерГ;;;;;;;;
КарцевПС;;;;;;;;
КасаткинНА;;;;;;;;
КасаткинНН;;;;;;;;
Кастан;;;;;;;;
КасцовКГ;;;;;;;;
КатуркинТИ;;;;;;;;
КафкаВА;;;;;;;;
КашкадамоваЕН;;;;;;;;
КелерКИ;;;;;;;;
КелинПИ;;;;;;;;
КеллерАВ;;;;;;;;
КеллерИП;;;;;;;;
КельхВФ;;;;;;;;
КельхПИ;;;;;;;;
КеммингГА;;3;2;14;11;5;;11
КерзинМА;;;;;;;;
КерковаСЛ;;;;;1;1;;
КибальчичТВ;;;;;;;;
КившенкоАД;;;;;;;;
КикертК;;;;;;;;
КирилловаАМ;;;;;;;;
КиринарскийМА;;;;;;;;
КирсановКВ;;;;;;;;
КирьяцкойЕО;2;;;;;;;
КиселевАА;1;3;;;;;;
Киселев-КамскийАА;;;;;;;15;
КиселевС;;;;;;;;
КисельБА;;;;;;;;
Китаева-ЦыхановскаяАВ;;;;;;;;
КитаевВН;;;;;;;;
КишневскийСЯ;;;;1;;;;
КлагесФА;;;;;;;;
КлакачеваСЛ;;;;;1;;;
КлевезальА;;;;2;;;;
КлеверМ;;;;;3;2;;
КлеверО;;;;;7;3;;
КлеверЮЮ;;;;;2;;;
Клейнек;;;;;;;;
КлементьевАН;;3;;;;;;
КлеттенбергАП;;;;;;;;
КлименкоД;;;;1;1;;;
КлименкоДВ;;;1;;;;;
КлодтМК;;;;;;;;
КлодтМП;;;;;;;;
КлодтНА;;;;;;;;
КлодтПК;;;;;;;;
КлокачеваЕН;2;3;;2;1;;;1
КлоповВА;;;;;;;;
КлюкКФ;;;;;;;;
КлюшниковСА;;;;;;;;
Кнюпфер;;;;;;;;
КнязьковаВВ;;;;;;;;
КовалевскийПО;;;;;;;;
Ковальская-ИльинаПВ;;;;;;;;
КозловВВ;;;;;;;;
КозловПС;;;;;;;;
Козловская;;;;;;;;
КозловскаяМА;;;;;;;;
КокелинФ;;;;;;;;
КолесниковИО;;;;;;;;
Колесова-РощинаАИ;;;;;;;;
КолпаковскаяВН;;;;;;;;
КолупаевДА;;;;;;;;
КомароваАТ;;;;;;;;
КомаровВП;;;;;;;;
КомаровДВ;;;;;3;;;
КомашкоАМ;;;;;;;;
КонашевичВМ;;;;;;;;
КондерШ;;;;;;;;
КондратенкоГП;15;10;11;5;13;14;9;15
КондратенкоКП;;;;;;;;
КондратьевВВ;;;;;;;;
КоненковСТ;;;;;;;;
КонновАИ;;;;;;;;
КоноваловаАС;;;;;;;;
КоноваловВВ;;;;;;;;
КонстантиноваАО;;;;;;;;
КонстантиновНК;;2;;;2;;1;2
КонстантинопольНК;;;;12;;;;
КончаловскийПП;;;;;;;;
КоптевГН;;;;;;;;
КореневВФ;;;;;;;;
Коренев-НовороссийскийВФ;;;;;;;;
КорженевскийС;;;;;;;;
КорзухинАИ;;;;;;;;
КоринАМ;;;;;;;;
КоринсскаяА;;;;;;;;
КорневВФ;;;;;;;;
КорнеевФМ;;;;;;;;
КорниловНВ;;;;;;;;
КоробковСТ;;;;;;;;
КоровинКА;;;;;;;;
КоровинПИ;;;;;;;;
КоровинСА;;;;;;;;
КорогодовСМ;;;;;;;;
КоролевАП;;;;;;;;
КорсаковЮП;;;;;;;;
КорсунМП;;;;;;;;
КорфВН;;;;;;;;
КосмаковИА;;;;;;;;
КоссакВ;1;;;;;;;
КостандиКК;;;;;;;;
КостенкоКЕ;;;;;;;;
КостенкоСП;;;;;;;;
КострицЛМ;;;;;;;;
КотарбинскийВА;;;;;;;;
КотляревскийАМ;;;;;;;;
КотовГИ;;;;;;;;
КохПП;;;;;;;;
КоцебуАЕ;;;;;;;;
КочетоваОА;;;;;;;;
КошелевНА;1;;6;3;;12;5;
КравченкоАИ;;;;;;;;
КравченкоНИ;;;;;;;;
КрамскаяСИ;;;;;;;;
КрамскойИН;;;;;;;;
КрандиевскаяНВ;;;;;;;;
КрапоткинаМН;;;;;;;;
КрарупТФ;;;;;;;1;
КрасиковВА;;;;;;;;
КрасковскийИЕ;;;;;;;;
КраснухаСП;;;;;;;;
КраснушкинаЕЗ;;;;;4;;;
КрасовскийНП;;;;;;;;
КрачковскийИЕ;;;;;;;;
КрейтанВП;;;;;;;;
КремерБД;1;;;;;;;
КремерБС;;;;;;;;
Крепер;;;;;;;;
КрествоскийИВ;;;;;;;;
КрестианполПИ;;;;2;;;;
КречининСИ;;;;;;;;
КржешИИ;;;;;;;;
КржыжановскийКМ;;;;;;;;
КривошеинСВ;;;;;;;;
Крошечкин-КрошицкийМП;8;3;;;2;3;;
КругликоваЕС;;;;;;;;
КрчинскийСС;;;;;;;;
КрыжицкийКЯ;;;;;;;;
Крылов;;;;;;;;
КрыловИИ;;;;;;;;
КрымовНП;;;;;;;;
КрюковВС;;;;;;;;
КсеньеваЛ;;;;;;;;
КсидиасПС;2;;;;;;;
КубинО;;;;;;;;
КубицкийВН;;;;;;;;
КувакинК;;;;;;;;
КувшинниковаСП;;;;;;;;
КудрявцеваВА;;;;;;;;
КудрявцевАИ;;;;;;;;
КудрявцевСИ;;;;;;;;
КузнецовВВ;;;;;;;1;
КузнецовКП;;;;;;;;
КузнецовНД;;;;;;;;
КузнецовП;;;;;;;;
КузьминаНА;;;;;;;;
КуинджиАИ;;;;;;;;
КулагинаСО;;;;;;;;
КулешаМК;;;;;;;;
КуликовИС;;;;;;;;
КуммингАА;;;;;;;;
КуммингГА;;;;;;;;
КупринАВ;;;;;;;;
КурбатовМА;;;;;;;;
КуреннойАА;;;;;;;;
КуриарПП;;;;;;;;
КуриарьПП;;;;;;;;
КуринАВ;;;;;;;;
КурпатовАВ;;;;;;;;
КусковАА;;;;;;;;
КустодиевБМ;;;;;;;;
КустодиевКБ;;;;;;;;
КучинскийСИ;;;;;;;;
КучумовВН;;;;;;;;
Кюгельген;;;;;;;;
КюгельхенСК;;;;;;;;
КюнАМ;;;;;;;;7
КюфферлеПО;2;3;2;;;3;;
ЛаверецкийНА;;;;;;;;
ЛагардП;;;;;;;;
Лагода-ШишкинаОА;;;;;;;;
ЛагориоЛФ;;;;;;;;
ЛадыженскийГА;;;;;;;;
ЛажечниковАИ;;;;;2;1;7;4
Лазарев-СтанищевСН;;;;;;;;
ЛаманскаяАК;;;;;;;;
ЛансгофЛЭ;;;;;;;;
ЛансереЕА;;;;;;;;
ЛансереЕЕ;;;;;;;;
ЛансереНЕ;;;;;;;;
ЛанскойИИ;2;;;12;;;;
ЛапускинИВ;;;;;;;;
Лапчинский;;;;;;;;
Лапшина-СоколоваВН;;;;;;;;
ЛапшинГА;;;;;;;;
ЛарионовМФ;;;;;;;;
Лассон-СпироваЭА;;;;;;;;
ЛатриМП;;;;;;;;
ЛатушГ;;;;;;;;
ЛатышеваА;;;;;;;;
ЛаудонЕО;;;;;;;;
ЛаховскийАБ;;;;;;;;
ЛебедевАИ;;;;;;;;
ЛебедевВВ;;;;7;6;;;
ЛебедевКВ;;;;;;;;
ЛебедевНМ;;;;;;;;
ЛебланМВ;;;;;;;;
ЛевандовскийВН;;;;;;;;
ЛевиМБ;;;;;;;;
ЛевинКП;;;;4;5;9;11;2
ЛевитанИИ;;;;;;;;
ЛевитскийВН;;;;;;;;
ЛевицкийРС;;;;;;;;
ЛевкиевскийВВ;;;;;;;;
ЛевотГА;;;;;;;;
ЛевченкоИИ;;;;;;;;
ЛевченкоПА;;;;;;;;
Ле-ДантюМВ;;;;;;;;
Леднев-ЩукинСЕ;;;;3;4;4;10;5
ЛеманЮЯ;;;;;;;;
ЛемохКВ;;;;;;;;
ЛенбахФ;;;;;;;;
ЛенскийЗА;;;;;;;;
ЛентуловАВ;;;;;;;;
ЛеонгардтФ;;;;;;;;
ЛеонсМН;;2;;;;;;
ЛепетичНН;;;;;;;;
ЛермиттЛ;;;;;;;;
ЛермонтоваНВ;;;;;;;;
ЛесючевскийВИ;;;;;;;;
ЛехтФ;;;;;;;;
ЛиберихНИ;;;;;;;;
ЛиберманнМ;;;;;;;;
ЛибшерК;;;;;;;;
ЛизакИЛ;;;;;;;;
ЛиндеманАЭ;;;;;;;;
Липа;;;;;;;;
ЛипгартЭК;;;;;;;;
ЛисенерЕА;;;;;;;;
ЛисицинБМ;;;;;;;;
ЛисснерЭЭ;;;;;;;;
ЛитвиненкоАМ;;;;;;;;
ЛитвиновИИ;;;;;;;;
ЛитовченкоНД;;;;;;;;
Лихачева;;;;;;;;
ЛихачевКА;;;;;;;;
ЛищевВВ;;;;;;;;
Лобанов;;;;;;;;
ЛобужинскийМВ;;;;;;;;
ЛоккенбергВА;;;;;;;;
ЛоренцНЕ;;;;;;;;
ЛоренцНФ;;;;;;;;
ЛосеваВИ;;;;;;;;
ЛосевНД;;;;;;;;
Луговская-ДягилеваТА;;;;;;;;
ЛузановСЭ;;;;;;;;
ЛукичЖА;;;;;;;;
ЛукомскийГК;;;;;;;;
Лукш-МаковскаяЕ;;;;;;;;
ЛупановАР;;;;;;;;
ЛучшевСЯ;;;;;;;;
ЛыпиловКМ;;;;;;;;
ЛысенкоАВ;;;;;;;;
ЛысенкоКА;;;;;;;;
ЛысовЯИ;;;;;;;;
ЛьвовИА;;;;;;;;
ЛьвовПИ;;;;;;;;
ЛюбавинаН;;;;;;;;
ЛякинТП;;;;;;;;
ЛяликоваЕИ;1;;1;;;;;
ЛясковскаяОА;;;;;;;;
МагдесианЭЯ;;;;;;;;
МадейскийАБ;;;;;;;;
МазуровскийВВ;3;2;3;2;5;8;6;6
МайейргаймП;;;;;;;;
МайковНА;;2;;;;;;
МаймонМЛ;;;;12;13;12;9;8
МакаревскийАД;;;;;;;;
МакароваНД;;;;;;;;
МакаровИК;;;;;;;;
Мак-НейлУД;;;;;;;;
МакоАЭ;;;;;;;;
МаковскаяАЕ;;;;;;;;
МаковскийАВ;;;;;;;;
МаковскийВЕ;;;;;;;;
МаковскийКГ;24;16;23;59;30;20;41;
МаковскийКЕ;;;;;;;;
МаковскийНЕ;;;;;;;;
Маковский-ПогорельскийЯК;;;;;;;;
МаксГ;;;;;;;;
МаксимовАО;;;;;;;;
МаксимовВМ;;;;;;;;
МаксимовМВ;;;;;;;;
МалаховскаяМА;;;;;;;;
Малеваная-ЗарыцкаяИА;;;;;;;;
МалевичКС;;;;;;;;
МалешевскаяЕМ;;;;;;;;
МалининИС;;;;;;;;
МалышевВК;;;;;;;;
МалышевЕИ;;;;;;;;
МалышевМГ;;11;;;;;;
МалышевМЕ;13;;10;;5;5;45;
МалышевНТ;;;;;;;;
МалютинСВ;;;;;;;;
МалявинФА;;;;;;;;
МамонтовМА;;;;;;;;
МамонтовСС;;;;;;;;
МанасеинаТВ;;;;;;;;
МанганариАВ;;;;;;;;
МанизерГМ;10;;1;3;1;;;6
МаныламММ;;;;;;;;
МардеросовЛИ;;;;;;;;
МаринаЗВ;;;;;;;;
МаркеловСП;;;;;;;;
МаркичевМА;;;;;;;;
МарковАА;;;;;;;;
МарковБН;;;;;;;;
МартынА;;;;;;;;
МартыновА;;;;;;;;
МартыноваЕН;;;;;;;;
МартыновДН;;;;;;;;
МартыновичАС;;;;;;;;
МаслениковНЕ;;;;;;;;
МасютинВН;;;;;;;;
МатвеевАТ;;;;;;;;
МатвеевМА;4;2;2;;4;2;;4
МатвеевНС;2;4;;1;3;;;
МатвеевСА;;;;;;;;
МатвейВИ;;;;;;;;
МатэВВ;;;;;;;;
МатюшинМВ;;;;;;;;
МаурицдеВламик;;;;;;;;
МацкевичИИ;;;;1;4;3;;
МашарГ;;;;;;;;
Машинский;;;;;;;;
МашковВН;;;;;;;;
МашковИ;;;;;;;;
МаяковскийВВ;;;;;;;;
МедемПР;2;1;1;1;1;1;7;3
Мейердал;;;;;;;;
МейзейМО;;;;1;;;;
МейзеМО;;1;1;;4;2;;
МейстерЛ;;;;;;;;
МенарР;;;;;;;;
МенделевичИА;;;;;;;;
МензгаузенЕФ;;;;;;;;
МенкВК;;;;;;;;
МенсгаузенЕФ;;;;;;;;
Мери;;;;;;;;
МертенЕП;;;;;;;;
МесниковКИ;;;;;;;;
МетловаАА;;;;;;;;
МещеринНВ;;;;;;;;
МещерскийАИ;;;;;;;;
МизернюкМЯ;;;;;;;;
МикешинаТЛ;;;;;;;4;
МикешинСМ;;;;;;;;
МикулиА;;;;;;;;
МилевскийИР;;;;;;;;
МилиотиНД;;;;;;;;
МиллерЕВ;;;;;;;;
МиллерЭА;;;;;;;;
МилорадовичСД;;;;;;;;
МилославинФА;;;;;;;;
МильманА;;;;;;;;
МилютиНД;;;;;;;;
Минасианц;;;;;;;;
МинченковЯД;;;;;;;;
МироновичПН;;;;;;;;
МиссАВ;;;;;;;;
МитрохинДИ;;;;;;;;
МитяевПН;;;;;;;;
МихайловаКИ;;;;;;;;
МихайловаОП;;;;;;;;
МихайловИИ;;;;;;;;
МихайловИТ;;;;;;;;
МихайловММ;;;;;;;;
МихайловПН;;;;;;;;
МихайловскаяНВ;;;;;;;;
МихайловскийАН;;;;;;;;
МихальцеваЕП;;;;;;;;
МихеевМИ;;;;;;;;
МишеваЕИ;;;;;;;;
МогилевскийАП;;;;;;;;
МодоровФА;;;;;;;;
МокиевскаяМИ;;;;;;;;
МоласНП;;;;;;;;
МоллерФА;;;;;;;;
МоллотТА;;;;;;;;
МоловМВ;;;;;;;;
МоловМЦ;;;;;;;;
МолявкинИВ;;;;;;;;
МоравовАВ;;;;;;;;
МоргуновАА;;;;;;;;
МордасевичКЛ;;;;;;;;
МордовинВИ;;;;;;;;
МоревНН;;;;;;;;
МорицФЭ;;;;;;;;5
МоровавовАВ;;;;;;;;
МороГ;;;;;;;;
МорозовАИ;;;;;;;;
МороЛА;;;;;;;;
МоскаленкоАН;;;;;;;;
МоскаленкоПД;;;;;;;;
МостоваЗЯ;;;;;;;;
Мошков;;;;;;;;
МудролюбовПВ;;;;;;;;
МузалевскийБМ;;;;3;;;;
Мультановский;;;;;;;;
МультановскийЮТ;;;;;;;;
МунтергельмМ;;;;;;;;
МуравьевВЛ;;;;;;;;
МуратовАД;1;1;;;;;;
МуратовБерндтеон;;;;;;;;
МуратовМД;;;;;;;;
МурашкоАА;;;;;;;;
МуромцевФА;;;;;;;;
Мусин-ПушкинНС;;;;;;;;
МусселиусМВ;1;1;;3;;;;
МууккаЭ;;;;;1;;;
МышковВН;;;;;;;;
Мюнтер;;;;;;;;
МясоедовГГ;;;;;;;;
НавозовВП;2;1;;3;11;1;;
НагубниковСА;;;;;;;;
НаикольскийНН;;;;;;;;
НайдеровИВ;;;;;1;;;
НаленчВИ;;;;;;;;
Налепинская;;;;;;;;
НапиерскаяБВ;;;;;1;;;
НарбутГИ;;;;;;;;
НаседкинСН;;;;;;;;
НатальинаОН;;;;;;;;
НаумовАА;;;;;;;;
НаумовПС;;;;;;;;
НащекинД;;;;;;;;
НеведовичЕЮ;;;;;;;;
НеведомыйИ;;;;;;;;
НевинскийАИ;;;;;;;;
НевревНВ;;;;;;;;
НевядомскийА;;;;;;;;
НедлерСГ;;;;;;;;
НедовичЕЮ;;;;;;;;
НедокучаеваОН;;;;;;;;
НекулинАО;;;;;;;;
НеленчВИ;;;;;;;;
НерадовскийПИ;;;;;;;;
НестеровГД;;;;;;;;
НестеровМВ;;;;;;;;
НестеровФП;;;;;;;;
НефТА;;;;;;;;
НечаевАМ;;;;;4;;;
НечаевМА;;;;;;1;;
НечитайловВН;;;;;;;;
НиканоровСГ;;;;;;;;
НикитинВА;;3;;;;;;
НикитинВП;;;;;;;;
НикитинНН;;;;;;;;
НикитинСА;;;;;;;;
НикифоровСГ;;;;;;;;
НиколаевНН;;;;;;;;
НикольскийНС;1;3;3;1;;;;1
НиконовИФ;;1;;;;;;
НикулинАО;;;;;;;;
НилендерКГ;;;;;;;;
НилусПА;;;;;;;;
НифтрикГЯ;;;;;;;;
НоаковскийСВ;;;;;;;;
НовиковАГ;;;;;;;;
НовиковаЕН;;;;;;;;
НовиковМН;;;;;;;;
Новинский;;;;;;;;
НоводворскаяВД;;;;;;;;
НовоселовВТ;;;;;;;;
НовоскольцевАН;;;;;;;;
НозиковаЕН;;;;;;;;
Ностиц-ЯцковскаяМФ;;;;;;;;
Нысцушко-БуйницкийРИ;;;;;;;;
НюнинИЕ;;;;;;;;
ОберАЛ;;;;;;;;
ОвсянниковВП;;;;;;;;
ОвсянниковЛФ;;;;;;;;
ОвсянниковСО;;;;;;;;
ОвчинниковНХ;;;;;;;;
ОколовичНА;;;;;;;;
О'КоннелРР;;;;;;;;
ОкроянцДГ;;;;;5;;;3
ОленинаВА;;;;;;;;
ОлсуфьеваСВ;;;;;;;;
ОльгинаО;;;;;;;;
ОлькойнЭА;;;;;;;;1
ОнуфриеваНВ;;;;;;;;
ОреховВП;;;;;;;;
ОрловАГ;;;;;;;;
ОрловНВ;;;;;;;;
ОрловскийВД;;;;;;;;
ОсоргинаАК;;;;;;;;
ОстроменцкийАА;;;;;;;;
Остроумова-ЛебедеваАП;;;;;;;;
ОстроуховИС;;;;;;;;
ОтмарВО;;;;;;;;
ПавлиновАС;;;;;;;;
ПавлиновПЯ;;;;;;;;
ПавловАИ;;;;;;;;
ПавловВП;;;;;;;;
ПавловИН;;;;;;;;
ПавловПН;;;;;;;;
ПавловСА;;;;;;;;
ПавлюченкоГЕ;;;;;;;;
ПадуровАА;;;;;3;;2;2
Пазетти;;;;;;;;
ПалаткоДМ;3;1;2;3;;1;6;2
ПаленМИ;;;;;;;;4
ПаленНК;;;;;;;;
ПалинМИ;;;;;;;;
Палшков;;;;;;;;
ПальгуновА;;;;;;;;
ПанеНН;;;;;;;;
ПанеНП;;;;;;;;
ПанинМН;;;;;;;;
ПанкульИП;;;;;;;;
ПановНЗ;;;;;;;;
Паприц;;;;;;;;
ПарландАА;;;;;;;;
ПассИА;5;11;7;9;11;10;7;15
ПастернакЛО;;;;;;;;
ПаульсонАВ;;;;;;;;
ПашкевичЖА;;;;;;;;
ПашковГФ;;;;;;;;
ПащенкоВМ;;;;;;;;
ПедашенкоМИ;;;;;;;;
ПелевинИА;;;;;;;;
ПемеллерАА;;;;;;;;
ПеньковскийИЛ;;;;;;;;
ПервухинКК;;;;;;;;
ПереплетчиковВВ;;;;;;;;
ПерминовВТ;;;;;;;;
ПеровВГ;;;;;;;;
ПершинАС;;;;;;;;
ПестинскийБ;;;;;;;;
ПетерсАФ;;;;;;;;
ПетренкоАГ;;;;;;;;
ПетрижицкаяМК;;;;1;3;;;
Петров-ВодкинКС;;;;;;;;
ПетровичевПИ;;;;;;;;
ПетровНФ;;;;;;;;
ПетровСИ;;;;;;;;
ПетровскийИВ;;;;;;;;
ПечатинВА;;;;;3;1;;
ПименовНС;;;;;;;;
ПимоненкоНК;;;;;;;;
ПиотровичСК;6;6;8;13;21;3;;
ПироговНВ;;;;;;;;
ПиросманашвилиН;;;;;;;;
ПисаховСГ;;;;;;;;
ПисемскийАА;;;;;;;;
ПищалкинАА;;;;;;;;
ПищалкинЛФ;;;;;;;;
ПлатоновХП;;;;;;;;
ПлатуновМ;;;;;;;;
ПлачекМН;;;;;;;;
ПлевакоНА;;;;;;;;
ПлетневЛА;;;;;;;;
ПлешаковВС;;;;;;;;
ПлешановПФ;;;;;;;;
ПлещинскийИН;;;;;;;;
ПлигинАП;;;;;;;;
ПлискоАЯ;;;;;;;;
ПлотниковВА;2;;;;;;;
ПогосскаяСА;;;;;;;;
ПодвысоцкийМВ;;;;;;;;
ПодозеровИИ;;;;;;;;
ПодосеновПВ;;;;;;;4;
ПодтыканыйА;;;;;;;;
ПодушкоЭГ;;;;;;;;
ПожалостинИП;;;;;;;;
ПожарскийВИ;;;;;;;;
ПожарскийСМ;;;;;;;;
ПозенМВ;;;;;;;;
ПокаржевскийПД;;;;;;;;
ПоленоваЕД;;;;;;;;
ПоленовВД;;;;;;;;
ПоловинкинВП;;;;;;;;
ПолонскаяЖА;;;;;;;;
ПолунинВЯ;;;;;;;;
ПольРобер;;;;;;;;15
ПоляковЕИ;;;;;;;;
ПоляковИИ;;;;;;;;
ПоляковНП;;;;;1;;5;1
ПоляковПИ;;;;;;;;
ПомеранцевММ;;;;;;;;
ПоперечныйНМ;;;;;;;;
ПопковИГ;;;;;;;;
ПоповАА;;;;;;;;
ПоповаЛС;;;;;;;;
ПоповАН;;;;;;;;
Попова-ТимореваЮА;;;;;;;;
ПоповВН;;;;;;;;
ПоповЛВ;;;;;;;;
ПоповМП;;;;;;;;
ПоповНЯ;;;;;;;;
Порай-КошицБВ;;;;;;;;
ПороховниковПИ;;;;;;;;
ПорфировИФ;;;;;;;;
ПосполитакиЕИ;;;;;;;;
ПостниковСП;;;;;;;;
ПотаповМА;;;;;;;;
ПотипакаП;;;;;;;;
ПраведниковЕИ;;;;;;;;
ПрадоА;;;;1;;;;
ПраховаАЯ;;;;;;;;
ПремацциЛО;;;;;;;;
ПриселковСВ;;;;;;;;
ПрозоркевичВМ;;;3;;;;;
ПрокофьевАМ;;1;1;2;4;3;;7
ПрокофьевДД;;;1;10;2;;;1
ПроскурнинИМ;;;;;;;;
Протейкинский;;;;;;;;
ПротопоповНА;3;;;6;2;;;
ПрянишниковИМ;;;;;;;;
ПрянишниковИП;;;;;;;;
ПсковитиновЕК;;;;;;;;
ПузыревскийПИ;;;;;;;;
ПуниИ;;;;;;;;
ПурвитВЕ;;;;;;;;
ПуцБА;;;;;;;;
ПчелинВН;;;;;;;;
ПыневК;;;;;;;;
ПыринМС;;;;;;;;
ПэнЮМ;;;;;;;;6
Пювис-де-Шаванн;;;;;;;;
ПясковскийВН;;;;;;;;
ПястушкевичКО;;;;;;;;
РабиновичГИ;;;;;;;;
РадимовПА;;;;;;;;
РадинВН;;;1;;;;;
Радлов;;;;;;;;
РаевскийАД;;;;;;;;
РаевЮА;;;;;;;;
РазмарицинАП;;;;;;;;
РазниченкоФП;;;;;;;;
Разумный;;;;;;;;
РазумовскаяАИ;;;1;;;;;
РазчубкинАН;;;;;;;;
РайлянфР;;;;;;;;
РайноваСК;;;;;;;;
РассадинАА;;;;;;;;
Ратынова-РожковаМФ;;;;;;;;
РауловИ;;;;;;;;
Раушь-фон-ТраубенбергКК;;;;;;;;
РаффаэллиИ;;;;;;;;
РацульАП;;;;;;;;
РашевскийИГ;3;1;52;2;7;4;;
РевенскийЕН;;;;;;;;
РедковскийАА;;;;;;;;
РедлихГС;;;;;;;;
РезановВМ;;;;;;;;
РезниковМВ;;;;;;;10;
РеймерсИИ;;;;;;;;
Рейнгольдтфон-Моллер;;;;;;;;
РейтернЕП;;;;;;;;
РейхардтЕИ;1;;1;;;;;
Ремер;;;;;;;;
РендичИ;;;;;;;;
РепинаВИ;;;;;;;;
РепинИЕ;;;;;;;;
РепинЮИ;;;;;;;;
РерихНК;;;;;;;;
РжевскаяАЛ;;;;;;;;
РивьерГ;;;;;;;;
РизниченкоФП;4;;1;9;3;4;27;11
РицониАА;;;;;;;;
РицониЕП;;;;;;;;
Ришомм;;;;;;;;
РоговАП;;;;;;;;
РоговинНЕ;;;;;;;;
РождественскийВВ;;;;;;;;
РозановаОВ;;;;;;;;
РозановНВ;;;;;;;;
РозенГВ;;;;;;;;
РозенИВ;;;;;;;;
РозенИС;;;;;;;;
РозентальЯМ;;;;;;;;
РозенЯС;;;;;;;;
РозинскийГН;;;;;;;;
РокачевскийАЕ;;;;;;;;
РомановичСМ;;;;;;;;
Романовский-РоманьковичАС;;;;;;;;
РоммАГ;;;;;;;;
РоотНФ;;;;;;;;
РостворовскийСР;;;;;;;;
РостиславовАА;;;;;;;;
РошА;;;;;;;;
РощубкинА;;;;;;;;
РубоФА;;;;;;;;
РубцовАА;;;;;;;;
РудаковКИ;;;;;;;;
РудольфЭрбслох;;;;;;;;
РужниковНП;;;;;;;;
Рульс;;;;;;;;
Рундальцев;;;;;;;;
РундальцевЛВ;;;;;;;;
РундальцовМВ;;;;;1;4;;
РусаковАИ;;;;;;;;
Рушевская;;;;;;;;
РущицФЭ;;;;;;;;
РыбаковИГ;;;;;;1;;
РыловАА;;;;;;;;
РындзюнскаяМД;;;;;;;;
РындинаН;;;;;;;;
РыпинЮИ;;;;;;;;
РюссР;;;;;;;;
РябининНН;;;;;;;;
РябушинскийСП;;;;;;;;
РябушкинАП;;;;;;;;
СабоНН;1;;2;;;;;
СавеловПК;;;;;;;;
СавинковВВ;;;;;;;;
СавинскийВЕ;;;;;;;;
СавицкийГК;;;;;;;;
СавицкийКА;;;;;;;;
СаврасовАК;;;;;;;;
СагайдачныйЕЯ;;;;;;;;
СаддИИ;;;;;;;;
СаксенКФ;3;;;;;;;
СаксНЭ;;;;;;;;
СалаПО;;;;;;;;
СалтыковМД;;;;;;;;
СальмонЭФ;;;;;;;;
СамойловаАМ;;;;;;;;
СамойловаВА;;1;;3;2;3;;
СамойловПВ;4;1;;2;;;;
СамокишНС;;;;;;;;
СамуйльсонЕФ;;;;;;;;
СапуновНН;;;;;;;;
СарьянМС;;;;;;;;
СаскоМА;;;;;;;;
СафоновАП;1;4;1;4;1;6;;
СахаровАА;;;;;;;;
СванИ;;;;;;;;
СварогВС;;;;;9;;8;
СведомскийПА;;;;;1;;;
СверчковНЕ;;;;;;;;
СветлицкийГП;1;;;;;;;1
СвецаС;;;;;;;;
СвиридовБП;;;;;;;;
СвятославскийСИ;;;;;;;;
СевастьяновСА;;;;;;;;
СеверинИ;;;;;;;;
СеверовММ;;;;;;;;
СедловАФ;;;;;;;;
СедовГС;;;;;;;;
СейтгофПС;;;;;;;;
СелезневИФ;;;;;;;;
СеливачеваЕС;;;;;;;;
СеменоваАЕ;;;;;;;;
СеменовАН;;;;;;;;
Семенова-Тянь-ШанскаяВД;;;;;;;;
СемизороваГФ;;;;;;;;
СемирадскийГО;;;;;;;;
СергеевНА;;;;;;;;
СергеевНС;;;;;;;;
СеребряковаВ;;;;3;;3;1;3
СеребряковаЗЕ;;;;;;;;
СерегинПИ;;;;;;;;
СеровВ;;;;;;;;
СестрженцевичСС;;;;;;;;
СигнакП;;;;;;;;
СиливановичНП;;;;;;;;
СиливановичНЮ;;;;;;;;
СимовВА;;;;;;;;
СимонЛ;;;;;;;;
СиндинкО;;;;;;;;
Синоди-ПоповДМ;;;;;;;;
СиняверММ;;;;;;;;
СиренкоКГ;;;;1;;;;
СиферсПЕ;;;;;;;;
Скадовский;;;;;;;;
СкалонАВ;;;;;;;;
СкворцевЯА;;;;;;;;
СкворцоваЮИ;;;;;;;;
СкворцовЯА;;;;;;;;
СкиргеллоАБ;;;;;;;;
СкиргеллоББ;;;;;;;;
СкляровПА;;;;;;;;
СкорняковХН;;;;;;;;
СкосаревскаяНП;;;;;;;;
СкуйеИА;;;;;;;;
СластионовАГ;;;;;;;;
СлепянМГ;;;;;;;;
Слободянюк-ПодолянСИ;;;;4;;;;
СловцовАМ;;;;;;;;
СлыпянМГ;;;;;;;;
СмеловПА;;;;;;;;
Смирнова-ИвановаЕА;;;;;;;;
СмирновВС;;;;;;;;
СмирновНА;;;;;;;;
СмотрицкийПФ;;;;;;;;
СмукровичПИ;;;;;;;;
СнигиревскийАВ;;;;;;;;
СоколовАП;;;;;;;;
СоколовВИ;;;;;;;;
СоколовВП;;;;;;;;
СоколовК;;;;;;;;
Соколов-ОльховскийИО;;;;;;;;
СоколовскийЭК;;;;;;;;
СолнцеваГ;;;2;;;;;
СоловьеваНП;;;;;;;;
СологубЛГ;;;;;;;;
СоломахаВМ;;;;;;;;
СоломкоСС;;;;;;;;
СоломонА;;;;;;;;
СоломоновМИ;;;;;;;;
СолунКИ;;;;;;;;
Сомова-ЗельдерАП;;;;;;;;
Сомова-МихайловаА;;;;;;;;
СомовК;;;;;;;;
СомовКА;;;;;;;;
Сорин;;;;;;;;
СосионковАВ;;;;;;;;
СотниковЕМ;;;;;;;;
СофроноваАФ;;;;;;;;
СпандиковЭК;;;;;;;;
СпасскийВВ;;;;;;;;
СпесивцевПН;;;;;;;;
СрединАВ;;;;;;;;
СтабровскийКА;;;;;;;;
СтадницкийПГ;;;;;;;;
СтанкевичЮА;2;3;;;1;;;
СтаркАА;;;;;;;;
СтароносовП;;;;;;;;
Стахеева-КашкадамоваЕ;;;;8;;;;
СтеллецкийДС;;;;;;;;
СтепановаВН;1;2;1;;3;3;8;7
СтепановАН;;;;;;;;
СтепановАС;;1;;;;;;
СтепановичКП;;;;;;;;
СтепановКП;;;;;;;;
СтеценкоАВ;;;;;;;;
СтигельР;;;;;;;;
СтилианудиАН;;;;;;;;
СтолицаЕИ;;;;;;;;
СтоляровКД;;;;;;;;
СтоляровНД;;;;;2;1;;
СторожевскийН;;2;;;;;;
СтраховскийВК;;;;;;;;
СтрашинскийЛ;;;;;;;;
СтребловИБ;;2;;;;;;
СтрелковскийАИ;;;;;;;;
Стрельникова;;;;;;;;
СтрубинскийВИ;1;;;;;;;
СтрукГН;;;;;;;;
СтрунниковНИ;;;;;;;;
СубботинПИ;;;;;;;;
СудейкинСЮ;;;;;;;;
Судковская-СамокишЕП;;;;;;;;
СудковскийМС;;;;;;;;
СудковскийРГ;;;;;;;;
СудьбининСН;;;;;;;;
СумароковПС;;;;;;;;
СуреньянцВЯ;;;;;;;;
СуриковВИ;;;;;;;;
СусловВВ;;;;;;;;
СусловИА;;;;;;;;
СуходольскийПА;;;;;;;;
СухоровскийМГ;5;;;;;;;
Сырнев;;;;;;;;
СыровВА;;;;;;;;
СычковФВ;13;10;11;6;6;;;6
ТаккеБА;;;;;;;;
ТалепоровскийВН;;;;;;;;
ТамановАИ;;;;;;;;
ТамбиВН;;;;;;;;
ТарховКД;;;;;;;;
ТарховНА;;;;;;;;
ТатевосянцЕМ;;;;;;;;
ТатлинЕВ;;;;;;;;
Таубе;;;;;;;;
ТаулоуФ;;;;;;;;
ТвердаяЕМ;;;;;;;;
ТворожниковИИ;;;;;;;;
ТерпиловскаяТН;;;;;2;1;;6
ТерпсихоровНБ;;;;;;;;
ТеснерАА;;;;;;;;
ТеснерГГ;;;;;;;;
ТидекеАЭ;;;;;;;;
ТиевскийК;;;;;;;;
Тизенгаузен;;;;;;;;
ТильбергРХ;;;;;;;;
ТимашевАЕ;;;;;;;;
Тиморев;;;;;;;;
ТимофеевВС;;;;;;;;
ТимофеевВТ;4;3;3;3;4;5;4;
ТимофеевГ;;;;;;;;
ТимусАК;;;;;;;;
ТихмироваЕН;;;;;;;;
Тихова-ФинкельштейнМЛ;;;;;;;;
ТиховВГ;;;;;;;;
ТихомировИВ;;;;;;;;
ТишинВЯ;;;;;;;;
ТищенкоН;;;;;;;;
ТкаченкоВИ;;;;;;;;
ТкаченкоМС;;;;;;;;
ТовастшернаКА;1;;;;;;;
ТолстаяСИ;;;;;;;;
ТомашевичБТ;;;;;;;;
ТомбаК;;;;;;;;
ТомовФИ;;;;;;;;
ТопаловаОС;;;;;;;;
Топелиус-КиселеваЕК;;;;;;;;
ТоппелиусВФ;;;;;;;;
ТраилинСА;;1;;;;;;
ТрамбицкийАЕ;;;;;;;;
ТраунбергВИ;;;;;;;;
Трембач;;;;;;;;
ТретьяковаОН;;;;;;;;
ТрифоновИТ;1;;;;;;;
ТрифоновПВ;;;;;;;;
ТроновВА;;;;;;;;
ТроупянскийЯА;;;;;;;;
ТрофименкоНА;;;;;;;;
ТрояновскийВ;;;;;;;;
ТрояновскийОИ;;;;;;;;
ТрубецкаяОН;;;;;;;;
ТрубецкойП;;;;;;;;
ТружанскийЛВ;;;;;;;;
ТрутневИП;9;5;13;3;3;11;;
ТрутовскийКА;;;;;;;;
ТулуповСИ;;;;;;;;
ТупицынБИ;;;;;;;;
ТуржанскийЛВ;;;;;;;;
ТурлыгинЯП;1;;;;;;;
ТурченкоЛГ;;;;;;;;
ТхоржевскаяТИ;;;;;;;;
ТычинкинММ;;;;;;;;
ТюринИА;;;;;;;;
УваровНМ;;;;;;;;
УводскаяЕВ;;;;2;;;;
УдальцеваНА;;;;;;;;
УконинНА;;;;;;3;;
УлинАА;;;;;;;;
УльнинИЕ;;;;;;;;
УльяновНП;;;;;;;;
УрлаубЕФ;;;;;;;;
УрлаубЛЯ;;;;;;;;
УткинП;;;;;;;;
УхановаАВ;;;;;;;;
УхтомскийСА;;;;;;;;
Ушаков-ПоскочинМВ;;;;;;;;
УшинАА;;;;;;;;
ФалилеевВД;;;;;;;;
ФаллизАГ;;;;;;;;
ФалькРР;;;;;;;;
ФеглерИГ;;;;;;;;
ФеддерсЮИ;;;;;;;;
ФедороваМА;;;;;;;;
ФедоровЕВ;;;;6;;;;
ФедоровИК;;;;;6;3;2;
ФедоровИП;;;;;;;;
ФедоровичВН;1;;;;;;;
ФёдоровМС;;;;;;;;
ФедотовИ;;;;;;;;
ФельдманКА;;;;;;;;
ФельтенВФ;;;;;;;;
ФендикВК;;;2;1;;;;
ФеофилактовНП;;;;;;;;
Фетваджиан;;;;;;;;
Фибих;;;;;;;;
ФилиповКН;;;;;;;;
Филонов;;;;;;;;
ФильковичКИ;7;4;;;;;;
ФинкельштейнВЯ;;;;;;;;
ФлавицкийКД;;;;;;;;
ФовелинАИ;;;;;;;;
ФогельБА;;;;;;;;
Фоглер;;;;;;;;
ФокинНМ;;;;;;;;
ФоминИА;;;;;;;;
Фон БокАР;;;;;;;;
Фон ВистингаузенАА;;;;;;;;
Фон-Визен;;;;;;;;
Фонтано;;;;;;;;
Форен;;;;;;;;
ФорселлесА;;;;;;;;
ФранкГ;;;;;;;;
ФредерикЛ;;;;;;;;
Фрейвирт-ЛютцовОО;;;2;1;;;;
ФренцРР;;;;;;;;
ФренцРФ;;;;;;;;
ФроловАА;;;;;;;;
ФроловАП;;;;;;;;
ФроловВА;;;;;;;;
ФроловДП;;;;;;;;
ФроловскийП;;;;;;;;
ХалявинНФ;;;;;;;;
ХаритоновНВ;;;;;3;;;
ХарламовАА;;;;;;;;
ХарламовМЕ;;;;;;;;
ХарламовМЯ;;;;;;;;
ХарламповичАА;;;;;;;;
ХижинскийЛС;;;;;;;;
ХимонаНП;;;;;;;;
ХлудовНГ;;;;;1;;;
ХныгинЛА;;;;;;;;
ХолодовскийМИ;;;;;;;;
ХолявинНО;;;;;;;;
ХохряковНН;;;;;;;;
ХрамцовНА;;;;;;;;
ХреновАС;;;;;;;;
ХрусловЕМ;;;;;;;;
ХрусталевАИ;;;;;;;;
ХрусталевВЯ;;;;;;;;
ХрустачевНИ;;;;;;;;
ХудояровВП;;;;;;;;
Хутари;;;;;;;;
Царевская-НаумоваВК;;;;;;;;
ЦветковБИ;;;;;;;;
ЦейдлерВП;;;;;;;;
ЦейдлерКФ;;;;;;;;
ЦейдлерНА;;;;;;;;
ЦелинскийСО;;;;;;;;
ЦионглинскийИФ;;;;;;;;
ЦионглинскийЯФ;;;;;;;;
ЦириготтиНГ;;1;;;;;;
Цурмюлен;;;;;;;;
ЦыхановскийММ;;;;;;;;
ЧагинФИ;;;;;;;;
ЧайковскаяОВ;;;;;;;;
ЧахровЯА;;;;;;;;
Чемберс-БилибинаМЯ;;;;;;;;
ЧепцовСМ;;1;4;;;;;
ЧереповАВ;;;;;;;;
ЧеркасовПА;;;;;;;;
ЧеркасскийАМ;;;;;;;;
Черневская-ШульцЕД;;;;;;;;
ЧерновВ;;;;;;;;
ЧерновНН;;;;;;;;
Чернов-ПлесскийЛМ;;;;;;;;
ЧернышевТП;;;;;;;;
ЧерчоповА;;;;;;;;
ЧесноковПВ;;;;;;;;
ЧехонинСВ;;;;;;;;
ЧижеваМИ;;;;;;;;
ЧижовМА;;;;;;;;
ЧикалинаМН;;;;;;;;
ЧириковАИ;;;;;;;;
ЧиркаФА;;;;;;;;
ЧиркинАД;;;;;;;;
ЧистосердовВ;;;;;;;1;
ЧистяковПП;;;;;;;;
ЧичелевНИ;;;;;;;;
ЧугуновАИ;;;;;;;;
ЧуевЗХ;;;;;7;;;
ЧуйкоМС;;;;;;;;
ЧумаковФП;;;;;;;;
ЧупятовЛТ;;;;;;;;
ЧурлянисНК;;;;;;;;
ШабунинНА;;;;;;;;
ШагалИ;;;;;;;;
ШалагиноваЕГ;;;;;;;;
ШамраевВП;;;;;;;;
ШамшинПМ;;;;;;;;
ШанксЭЯ;;;;;;;;
ШаньковскийБГ;;;;;;;;
ШапошниковаЕМ;;;;;;;;
ШараповДФ;1;;;1;1;1;;
ШариковНД;;;;;;;;
ШарлеманьАИ;;;;;;;;
ШарлеманьОА;;;;;;;;
ШатиловНИ;;;;;;3;2;3
ШафранМЛ;;;;;;;;
ШаховскаяМА;;;;;;;;
ШаховскойНП;;;;;;;;
ШваревМС;;;;;;;;
ШебекоЕИ;;;;;;;;
ШевченкоАВ;;;;;;;;
ШелинговскийПА;;;;;;;;
ШелковыйСТ;4;2;;;;;;1
ШельлхаутЛ;;;;;;;;
ШемякинМФ;;;;;;;;
ШендеревАС;;;;;;;;
ШербиновскийДА;;;;;;;;
ШервашидзеАК;;;;;;;;
ШервудЛВ;;;;;;;;
ШервудСЛ;;;;;;;;
ШереметевВВ;;;;;;;;
ШестеркинМИ;;;;;;;;
ШестопаловНИ;;;;;;;;
ШибановАГ;;;;;;;;
ШильдерАН;;;;;;;;
ШильцовПС;;;;;;;;
ШиповПД;;;;11;3;;;
ШитиковВД;;;;;;;;
ШишкинИИ;;;;;;;;
ШишковМА;;;;;;;;
ШкляревичКК;;;2;;;;;
ШкольникИС;;;;;;;;
ШлейнНП;;;;;1;;;
ШлейферНГ;;;;;;;;
ШлейфертЦЯ;;;;;;;;
ШлуглейтИМ;1;;;2;2;1;18;
ШляковВД;;;;1;1;;;
ШмаковНН;;;;;;;;
ШмаровПД;;;;;;;;
ШмидтЕГ;;;;;11;;;
ШолпоЕА;;;;;;;;
ШостаченкоАА;;;;;;;;
ШохинАН;;;;;;;;
ШохинДМ;;;;;;;;
ШперерЭФ;;;;;;;;
ШредерИН;;1;;;;;;
ШрейберВП;;;;;;;;
ШрейберПП;;;;;;;;
ШренкГА;;;;;;;;
ШретерМВ;;;;;;;;
ШтейнманЛХ;;;;;;;;
ШтемберВК;;;;;;;;
ШтрасерВБ;;;;2;2;2;;
ШтурманАИ;;;;;;;;
ШтюрцвагеЯ;;;;;;;;
ШульманСБ;;;;;;;;
Шульц-БертрамП;;;;;;;;
ШульцБН;;;;1;;;;
ШульцВМ;;;;;;;;
ШульцеАГ;;;;;;;;
ШурыгинАА;;;;;;;;
ШухаеваЕН;;;;;;;;
ШухаевВИ;;;;;;;;
ЩанкинВН;;;;;;6;;
ЩербаковВС;;;;;;;;
ЩербатовС;;;;;;;;
ЩербиновскийДА;;;;;;;;
ЩербовПЕ;;;;;;;;
ЩеткинНП;;;;;;;;
ЩукинПЕ;;;;;1;;;
ЩукоВА;;;;;;;;
ЩусевАВ;;;;;;;;
ЭберлингАР;1;;;;;;;
Эборович-ЗалысскаяЕ;;;;;;;;
ЭгизБИ;;;;;;;;
ЭдвардсБВ;;;;;;;;
ЭдельфельдтАА;;;;;;;;
ЭдуардсБВ;;;;;;;;
ЭйгесВР;;;;;;;;
Эйзгаузен;;;;;;;;
ЭйсенгардтИС;;;;;;;;
ЭйсмондФИ;;;;;;;;
ЭйсснерАП;;;;;;6;;
ЭкгорстВЕ;;;;;;;;
ЭкгорстьВЕ;;;;;;;;
ЭкстерАА;;;;;;;;
ЭлертНЛ;;;;;;;;
Эльпе;;;;;;;;
ЭмерикАГ;;;;;;;;
ЭммеВВ;;;;;;;;
ЭндауроваЛМ;;;;;;;;
ЭнкельМ;;;;;;;;
ЭрихсонЛР;;;;;;;;
Эрнефельд;;;;;;;;
Эрро-Раута;;;;;;;;
ЭскинСС;;;;;;;;
ЭссенБН;;;;;;;;
ЭтлингерМВ;;;;;;;;
ЭшкишевичВ;;;;1;1;;;
ЭшлиманВК;;;;;;;;
ЮдинСП;;;;;;;;
Юнгблют;;;;;;;;
ЮнгеЕФ;;;;;;;;
Юнкер-КрамскаяСИ;2;2;3;3;1;3;;
ЮнонКФ;;;;;;;;
Юргенсон-СнигереваАП;;;;;;;;
ЯблочкинВА;;;;;;;;
ЯвленскийАА;;;;;;;;
ЯкобиВИ;;;;;;;;
ЯкобиСП;;;;;;;;
ЯковлевАЕ;;;;;;;;
Яковлева-ШапоринаЛВ;;;;;;;;
ЯковлевВИ;;;;;;;;
ЯковлевГГ;;;;;;;;
ЯковлевМН;;;;;;;;
ЯкуловГБ;;;;;;;;
ЯкунчиковаМ;;;;;;;;
ЯнковМД;;;;;;;;
ЯновАС;;;;;;;;
ЯновскийЛВ;;;;;;;;
ЯремичСП;;;;;;;;
ЯрошенкоНА;;;;;;;;
Яругский-ЭругаЯМ;;;;;;;;
ЯрцевГФ;;;;;;;;
ЯсинскийАА;;;;;;;;
ЯсинскийИИ;;;;;;1;;
ЯстребцовНП;;;;;;;;
ЯстржембскийАС;;;;;;;;
ЯцимирскаяО;;;;;;;;
ЯцуньскийБ;;;;;;;;
